Date,Day_of_Week,Month,Time,Source,Action,Entry_Price,Target_Price,Stop_Loss,Risk_Reward_Ratio,Profit_Target_Percentage,Market_Sentiment,Technical_Pattern,Support_Level,Resistance_Level,Expected_Movement,Sector_Insight,Nifty_Range,Support,Resistance,Open,High,Low,Close,Range_Flag
2024-11-29,Friday,November,9:00 AM - MARKET OPEN,NDTV Profit,BUY,26001.0,26845.67,25655.7,1:2.45,3.25%,MODERATELY BULLISH,Breakout above 26500 | Momentum Building,25839,26864,UPSIDE: 57 points,FII flows remain positive | Foreign buying continues,25839 - 26864,25839.0,26864.0,23927.15,24188.45,23927.15,24131.1,BREACHED_BELOW
2024-12-02,Monday,December,9:00 AM - MARKET OPEN,NDTV Profit,SELL,26009.4,25425.22,26302.27,1:1.99,2.25%,NEUTRAL/BULLISH,Bullish Engulfing | Support at 26000,25978,26852,DOWNSIDE: 54 points,"Pharma rotation | Dr Reddy, Sun Pharma outperformers",25978 - 26852,25978.0,26852.0,24140.85,24301.7,24008.65,24276.05,BREACHED_BELOW
2024-12-03,Tuesday,December,9:00 AM - MARKET OPEN,NDTV Profit,SELL,26400.8,25684.48,26864.16,1:1.55,2.71%,NEUTRAL,Double Bottom | Reversal Expected,25865,26817,DOWNSIDE: 189 points,"FMCG holding support | ITC, HUL steady amid volatility",25865 - 26817,25865.0,26817.0,24367.5,24481.35,24280.0,24457.15,BREACHED_BELOW
2024-12-04,Wednesday,December,9:00 AM - MARKET OPEN,NDTV Profit,SELL,25591.2,25022.35,25932.78,1:1.67,2.22%,BULLISH,Support Breach | Watch 25800,25831,26858,DOWNSIDE: 181 points,DII support strong | Domestic funds accumulating,25831 - 26858,25831.0,26858.0,24488.75,24573.2,24366.3,24467.45,BREACHED_BELOW
2024-12-05,Thursday,December,9:00 AM - MARKET OPEN,NDTV Profit,SELL,26024.6,25481.33,26463.09,1:1.24,2.09%,BULLISH,Triangle Breakout | Directional Move,25866,26885,DOWNSIDE: 178 points,"Realty sector gaining traction | DLF, Oberoi up",25866 - 26885,25866.0,26885.0,24539.15,24857.75,24295.55,24708.4,BREACHED_BELOW
2024-12-06,Friday,December,9:00 AM - MARKET OPEN,NDTV Profit,SELL,26522.0,25556.83,26904.77,1:2.52,3.64%,NEUTRAL/BULLISH,Higher High-Higher Low | Bull Run Continues,25876,26804,DOWNSIDE: 63 points,Energy stocks leading | Oil majors positive on crude rally,25876 - 26804,25876.0,26804.0,24729.45,24751.05,24620.5,24677.8,BREACHED_BELOW
2024-12-09,Monday,December,9:00 AM - MARKET OPEN,NDTV Profit,SELL,25977.4,24845.77,26440.85,1:2.44,4.36%,BULLISH,Higher High-Higher Low | Bull Run Continues,25871,26900,DOWNSIDE: 139 points,"Pharma rotation | Dr Reddy, Sun Pharma outperformers",25871 - 26900,25871.0,26900.0,24633.9,24705.0,24580.05,24619.0,BREACHED_BELOW
2024-12-10,Tuesday,December,9:00 AM - MARKET OPEN,NDTV Profit,BUY,26527.8,27600.06,26080.51,1:2.4,4.04%,BULLISH,Double Bottom | Reversal Expected,25949,27000,UPSIDE: 55 points,"Infrastructure boom | Larsen & Toubro, L&T Infotech gains",25949 - 27000,25949.0,27000.0,24652.65,24677.8,24510.65,24610.05,BREACHED_BELOW
2024-12-11,Wednesday,December,9:00 AM - MARKET OPEN,NDTV Profit,BUY,25974.2,26508.53,25477.5,1:1.08,2.06%,NEUTRAL/BULLISH,Bullish Engulfing | Support at 26000,25830,26825,UPSIDE: 73 points,"Chemical sector focus | Atul, Bayer gains on exports",25830 - 26825,25830.0,26825.0,24620.5,24691.75,24583.85,24641.8,BREACHED_BELOW
2024-12-12,Thursday,December,9:00 AM - MARKET OPEN,NDTV Profit,SELL,25977.6,24880.85,26325.2,1:3.16,4.22%,NEUTRAL/BULLISH,Bearish Divergence | Profit Taking,25855,26926,DOWNSIDE: 193 points,Q3 earnings season | Corporate profits robust,25855 - 26926,25855.0,26926.0,24604.45,24675.25,24527.95,24548.7,BREACHED_BELOW
2024-12-13,Friday,December,9:00 AM - MARKET OPEN,NDTV Profit,BUY,25776.0,26501.28,25375.98,1:1.81,2.81%,NEUTRAL/BULLISH,Double Bottom | Reversal Expected,25932,26858,UPSIDE: 166 points,"FMCG holding support | ITC, HUL steady amid volatility",25932 - 26858,25932.0,26858.0,24498.35,24792.3,24180.8,24768.3,BREACHED_BELOW
2024-12-16,Monday,December,9:00 AM - MARKET OPEN,NDTV Profit,SELL,26312.4,25743.0,26614.72,1:1.88,2.16%,NEUTRAL,Moving Average Crossover | Trend Change,25911,26810,DOWNSIDE: 120 points,"Auto sector rally on festival demand | Maruti, Bajaj strong",25911 - 26810,25911.0,26810.0,24753.4,24781.25,24601.75,24668.25,BREACHED_BELOW
2024-12-17,Tuesday,December,9:00 AM - MARKET OPEN,NDTV Profit,BUY,25804.8,27076.52,25345.45,1:2.77,4.93%,NEUTRAL/BULLISH,Higher High-Higher Low | Bull Run Continues,25951,26885,UPSIDE: 148 points,"Metals weakness | Tata Steel, JSW Steel under pressure",25951 - 26885,25951.0,26885.0,24584.8,24624.1,24303.45,24336.0,BREACHED_BELOW
2024-12-18,Wednesday,December,9:00 AM - MARKET OPEN,NDTV Profit,SELL,25948.2,24881.51,26376.41,1:2.49,4.11%,NEUTRAL/BULLISH,Support Breach | Watch 25800,25817,26921,DOWNSIDE: 159 points,Telecom strength | Bharti Airtel gains on tariff hikes,25817 - 26921,25817.0,26921.0,24297.95,24394.45,24149.85,24198.85,BREACHED_BELOW
2024-12-19,Thursday,December,9:00 AM - MARKET OPEN,NDTV Profit,BUY,26537.6,27297.67,26088.74,1:1.69,2.86%,BULLISH,Bullish Engulfing | Support at 26000,25860,26903,UPSIDE: 188 points,"Infrastructure boom | Larsen & Toubro, L&T Infotech gains",25860 - 26903,25860.0,26903.0,23877.15,24004.9,23870.3,23951.7,BREACHED_BELOW
2024-12-20,Friday,December,9:00 AM - MARKET OPEN,NDTV Profit,SELL,26049.0,25427.1,26568.39,1:1.2,2.39%,NEUTRAL,Golden Cross | Resistance at 27000,25856,26866,DOWNSIDE: 97 points,"IT sector weakness capping gains | TCS, Infosys selling pressure",25856 - 26866,25856.0,26866.0,23960.7,24065.8,23537.35,23587.5,BREACHED_BELOW
2024-12-23,Monday,December,9:00 AM - MARKET OPEN,NDTV Profit,SELL,25995.4,25262.71,26488.95,1:1.48,2.82%,NEUTRAL,RSI Overbought | Consolidation Zone,25802,26975,DOWNSIDE: 137 points,"Auto sector rally on festival demand | Maruti, Bajaj strong",25802 - 26975,25802.0,26975.0,23738.2,23869.55,23647.2,23753.45,BREACHED_BELOW
2024-12-24,Tuesday,December,9:00 AM - MARKET OPEN,NDTV Profit,SELL,26369.8,25547.99,26815.32,1:1.84,3.12%,STRONG BULLISH,Head & Shoulders | Downside Risk,25907,26872,DOWNSIDE: 96 points,Q3 earnings season | Corporate profits robust,25907 - 26872,25907.0,26872.0,23769.1,23867.65,23685.15,23727.65,BREACHED_BELOW
2024-12-26,Thursday,December,9:00 AM - MARKET OPEN,NDTV Profit,BUY,25648.2,26592.68,25355.48,1:3.23,3.68%,MODERATELY BULLISH,Bearish Divergence | Profit Taking,25948,26835,UPSIDE: 64 points,DII support strong | Domestic funds accumulating,25948 - 26835,25948.0,26835.0,23775.8,23854.5,23653.6,23750.2,BREACHED_BELOW
2024-12-27,Friday,December,9:00 AM - MARKET OPEN,NDTV Profit,BUY,26389.6,27039.58,25957.92,1:1.51,2.46%,BULLISH,Bollinger Bands Squeeze | Volatility Expected,25822,26910,UPSIDE: 181 points,"Realty sector gaining traction | DLF, Oberoi up",25822 - 26910,25822.0,26910.0,23801.4,23938.85,23800.6,23813.4,BREACHED_BELOW
2024-12-30,Monday,December,9:00 AM - MARKET OPEN,NDTV Profit,BUY,26223.0,26908.96,25837.96,1:1.78,2.62%,BULLISH,RSI Overbought | Consolidation Zone,25923,26837,UPSIDE: 153 points,"Chemical sector focus | Atul, Bayer gains on exports",25923 - 26837,25923.0,26837.0,23796.9,23915.35,23599.3,23644.9,BREACHED_BELOW
2024-12-31,Tuesday,December,9:00 AM - MARKET OPEN,NDTV Profit,BUY,25941.4,26776.43,25501.57,1:1.9,3.22%,MODERATELY BULLISH,Bearish Divergence | Profit Taking,25823,26815,UPSIDE: 177 points,DII support strong | Domestic funds accumulating,25823 - 26815,25823.0,26815.0,23560.6,23689.85,23460.45,23644.8,BREACHED_BELOW
2025-01-01,Wednesday,January,9:00 AM - MARKET OPEN,NDTV Profit,SELL,26335.8,25226.96,26742.14,1:2.73,4.21%,MODERATELY BULLISH,Head & Shoulders | Downside Risk,25823,26913,DOWNSIDE: 83 points,"Metals weakness | Tata Steel, JSW Steel under pressure",25823 - 26913,25823.0,26913.0,23637.65,23822.8,23562.8,23742.9,BREACHED_BELOW
2025-01-02,Thursday,January,9:00 AM - MARKET OPEN,NDTV Profit,BUY,26545.2,27409.96,26170.35,1:2.31,3.26%,BULLISH,Triangle Breakout | Directional Move,25895,26955,UPSIDE: 71 points,Q3 earnings season | Corporate profits robust,25895 - 26955,25895.0,26955.0,23783.0,24226.7,23751.55,24188.65,BREACHED_BELOW
2025-01-03,Friday,January,9:00 AM - MARKET OPEN,NDTV Profit,BUY,26375.6,27430.38,25885.12,1:2.15,4.0%,BULLISH,Moving Average Crossover | Trend Change,25952,26905,UPSIDE: 171 points,"FMCG holding support | ITC, HUL steady amid volatility",25952 - 26905,25952.0,26905.0,24196.4,24196.45,23976.0,24004.75,BREACHED_BELOW
2025-01-06,Monday,January,9:00 AM - MARKET OPEN,NDTV Profit,SELL,25843.0,25305.79,26232.34,1:1.38,2.08%,BULLISH,Bollinger Bands Squeeze | Volatility Expected,25952,26825,DOWNSIDE: 192 points,Energy stocks leading | Oil majors positive on crude rally,25952 - 26825,25952.0,26825.0,24045.8,24089.95,23551.9,23616.05,BREACHED_BELOW
2025-01-07,Tuesday,January,9:00 AM - MARKET OPEN,NDTV Profit,BUY,26232.4,26947.82,25947.04,1:2.51,2.73%,MODERATELY BULLISH,RSI Overbought | Consolidation Zone,25907,26803,UPSIDE: 89 points,Cement stocks stable | UltraTech holding ground,25907 - 26803,25907.0,26803.0,23679.9,23795.2,23637.8,23707.9,BREACHED_BELOW
2025-01-08,Wednesday,January,9:00 AM - MARKET OPEN,NDTV Profit,SELL,26585.8,25574.79,27099.49,1:1.97,3.8%,BULLISH,Double Bottom | Reversal Expected,25845,26812,DOWNSIDE: 197 points,"Chemical sector focus | Atul, Bayer gains on exports",25845 - 26812,25845.0,26812.0,23746.65,23751.85,23496.15,23688.95,BREACHED_BELOW
2025-01-09,Thursday,January,9:00 AM - MARKET OPEN,NDTV Profit,BUY,25980.2,27243.5,25601.68,1:3.34,4.86%,NEUTRAL,Head & Shoulders | Downside Risk,25953,26886,UPSIDE: 135 points,"Metals weakness | Tata Steel, JSW Steel under pressure",25953 - 26886,25953.0,26886.0,23674.75,23689.5,23503.05,23526.5,BREACHED_BELOW
2025-01-10,Friday,January,9:00 AM - MARKET OPEN,NDTV Profit,BUY,26381.6,27407.87,25911.39,1:2.18,3.89%,NEUTRAL,Golden Cross | Resistance at 27000,25887,26929,UPSIDE: 96 points,Telecom strength | Bharti Airtel gains on tariff hikes,25887 - 26929,25887.0,26929.0,23551.9,23596.6,23344.35,23431.5,BREACHED_BELOW
2025-01-13,Monday,January,9:00 AM - MARKET OPEN,NDTV Profit,BUY,26653.0,27306.3,26327.94,1:2.01,2.45%,NEUTRAL/BULLISH,Support Breach | Watch 25800,25986,26893,UPSIDE: 193 points,FII flows remain positive | Foreign buying continues,25986 - 26893,25986.0,26893.0,23195.4,23340.95,23047.25,23085.95,BREACHED_BELOW
2025-01-14,Tuesday,January,9:00 AM - MARKET OPEN,NDTV Profit,SELL,25883.4,25162.8,26334.54,1:1.6,2.78%,NEUTRAL/BULLISH,Double Bottom | Reversal Expected,25900,26808,DOWNSIDE: 126 points,Cement stocks stable | UltraTech holding ground,25900 - 26808,25900.0,26808.0,23165.9,23264.95,23134.15,23176.05,BREACHED_BELOW
2025-01-15,Wednesday,January,9:00 AM - MARKET OPEN,NDTV Profit,BUY,25782.8,26399.58,25373.17,1:1.51,2.39%,STRONG BULLISH,Double Bottom | Reversal Expected,25863,26863,UPSIDE: 154 points,"Realty sector gaining traction | DLF, Oberoi up",25863 - 26863,25863.0,26863.0,23250.45,23293.65,23146.45,23213.2,BREACHED_BELOW
2025-01-16,Thursday,January,9:00 AM - MARKET OPEN,NDTV Profit,SELL,25814.2,25194.51,26147.4,1:1.86,2.4%,NEUTRAL/BULLISH,Moving Average Crossover | Trend Change,25805,26931,DOWNSIDE: 98 points,Energy stocks leading | Oil majors positive on crude rally,25805 - 26931,25805.0,26931.0,23377.25,23391.65,23272.05,23311.8,BREACHED_BELOW
2025-01-17,Friday,January,9:00 AM - MARKET OPEN,NDTV Profit,BUY,26257.6,27036.03,25811.14,1:1.74,2.96%,STRONG BULLISH,Support Breach | Watch 25800,25839,26801,UPSIDE: 85 points,DII support strong | Domestic funds accumulating,25839 - 26801,25839.0,26801.0,23277.1,23292.1,23100.35,23203.2,BREACHED_BELOW
2025-01-20,Monday,January,9:00 AM - MARKET OPEN,NDTV Profit,BUY,26209.0,26985.81,25936.85,1:2.85,2.96%,NEUTRAL,Bullish Engulfing | Support at 26000,25974,26891,UPSIDE: 112 points,"Banking stocks driving rally | HDFC Bank, ICICI Bank, Axis Bank gains",25974 - 26891,25974.0,26891.0,23290.4,23391.1,23170.65,23344.75,BREACHED_BELOW
2025-01-21,Tuesday,January,9:00 AM - MARKET OPEN,NDTV Profit,SELL,25893.4,25079.93,26205.73,1:2.6,3.14%,NEUTRAL/BULLISH,Golden Cross | Resistance at 27000,25831,26819,DOWNSIDE: 145 points,"IT sector weakness capping gains | TCS, Infosys selling pressure",25831 - 26819,25831.0,26819.0,23421.65,23426.3,22976.85,23024.65,BREACHED_BELOW
2025-01-22,Wednesday,January,9:00 AM - MARKET OPEN,NDTV Profit,SELL,26418.8,25162.23,26895.75,1:2.63,4.76%,BULLISH,Triangle Breakout | Directional Move,25978,26909,DOWNSIDE: 140 points,"Banking stocks driving rally | HDFC Bank, ICICI Bank, Axis Bank gains",25978 - 26909,25978.0,26909.0,23099.15,23169.55,22981.3,23155.35,BREACHED_BELOW
2025-01-23,Thursday,January,9:00 AM - MARKET OPEN,NDTV Profit,BUY,26221.2,26896.04,25809.06,1:1.64,2.57%,STRONG BULLISH,Head & Shoulders | Downside Risk,25932,26880,UPSIDE: 58 points,"Pharma rotation | Dr Reddy, Sun Pharma outperformers",25932 - 26880,25932.0,26880.0,23128.3,23270.8,23090.65,23205.35,BREACHED_BELOW
2025-01-24,Friday,January,9:00 AM - MARKET OPEN,NDTV Profit,SELL,26439.6,25192.02,26751.19,1:4.0,4.72%,BULLISH,Higher High-Higher Low | Bull Run Continues,25873,26940,DOWNSIDE: 121 points,Cement stocks stable | UltraTech holding ground,25873 - 26940,25873.0,26940.0,23183.9,23347.3,23050.0,23092.2,BREACHED_BELOW
2025-01-27,Monday,January,9:00 AM - MARKET OPEN,NDTV Profit,SELL,26221.0,25316.38,26609.57,1:2.33,3.45%,STRONG BULLISH,Triangle Breakout | Directional Move,25919,26984,DOWNSIDE: 70 points,Energy stocks leading | Oil majors positive on crude rally,25919 - 26984,25919.0,26984.0,22940.15,23007.45,22786.9,22829.15,BREACHED_BELOW
2025-01-28,Tuesday,January,9:00 AM - MARKET OPEN,NDTV Profit,BUY,25976.4,27039.57,25553.12,1:2.51,4.09%,STRONG BULLISH,Triangle Breakout | Directional Move,25970,26952,UPSIDE: 123 points,Telecom strength | Bharti Airtel gains on tariff hikes,25970 - 26952,25970.0,26952.0,22960.45,23137.95,22857.65,22957.25,BREACHED_BELOW
2025-01-29,Wednesday,January,9:00 AM - MARKET OPEN,NDTV Profit,BUY,26359.8,27676.76,26032.84,1:4.03,5.0%,BULLISH,RSI Overbought | Consolidation Zone,25832,26905,UPSIDE: 154 points,"Pharma rotation | Dr Reddy, Sun Pharma outperformers",25832 - 26905,25832.0,26905.0,23026.75,23183.35,22976.5,23163.1,BREACHED_BELOW
2025-01-30,Thursday,January,9:00 AM - MARKET OPEN,NDTV Profit,SELL,26567.2,25335.72,26879.89,1:3.94,4.64%,NEUTRAL/BULLISH,Golden Cross | Resistance at 27000,25993,26876,DOWNSIDE: 81 points,DII support strong | Domestic funds accumulating,25993 - 26876,25993.0,26876.0,23169.5,23322.05,23139.2,23249.5,BREACHED_BELOW
2025-01-31,Friday,January,9:00 AM - MARKET OPEN,NDTV Profit,SELL,26046.6,25181.2,26318.15,1:3.19,3.32%,BULLISH,Head & Shoulders | Downside Risk,25828,26968,DOWNSIDE: 164 points,"FMCG holding support | ITC, HUL steady amid volatility",25828 - 26968,25828.0,26968.0,23296.75,23546.8,23277.4,23508.4,BREACHED_BELOW
2025-02-03,Monday,February,9:00 AM - MARKET OPEN,NDTV Profit,SELL,26719.0,25844.2,27150.48,1:2.03,3.27%,NEUTRAL/BULLISH,Bollinger Bands Squeeze | Volatility Expected,25808,26843,DOWNSIDE: 149 points,"Metals weakness | Tata Steel, JSW Steel under pressure",25808 - 26843,25808.0,26843.0,23319.35,23381.6,23222.0,23361.05,BREACHED_BELOW
2025-02-04,Tuesday,February,9:00 AM - MARKET OPEN,NDTV Profit,SELL,26475.4,25277.77,26779.82,1:3.93,4.52%,BULLISH,Triangle Breakout | Directional Move,25914,26823,DOWNSIDE: 135 points,"Pharma rotation | Dr Reddy, Sun Pharma outperformers",25914 - 26823,25914.0,26823.0,23509.9,23762.75,23423.15,23739.25,BREACHED_BELOW
2025-02-05,Wednesday,February,9:00 AM - MARKET OPEN,NDTV Profit,SELL,26607.8,25511.82,26983.49,1:2.92,4.12%,NEUTRAL,Triangle Breakout | Directional Move,25888,26805,DOWNSIDE: 167 points,Telecom strength | Bharti Airtel gains on tariff hikes,25888 - 26805,25888.0,26805.0,23801.75,23807.3,23680.45,23696.3,BREACHED_BELOW
2025-02-06,Thursday,February,9:00 AM - MARKET OPEN,NDTV Profit,BUY,26251.2,27118.42,25749.64,1:1.73,3.3%,MODERATELY BULLISH,Double Bottom | Reversal Expected,25812,26999,UPSIDE: 75 points,"Pharma rotation | Dr Reddy, Sun Pharma outperformers",25812 - 26999,25812.0,26999.0,23761.95,23773.55,23556.25,23603.35,BREACHED_BELOW
2025-02-07,Friday,February,9:00 AM - MARKET OPEN,NDTV Profit,BUY,26167.6,27231.43,25874.41,1:3.63,4.07%,STRONG BULLISH,Higher High-Higher Low | Bull Run Continues,25963,26824,UPSIDE: 182 points,Energy stocks leading | Oil majors positive on crude rally,25963 - 26824,25963.0,26824.0,23649.5,23694.5,23443.2,23559.95,BREACHED_BELOW
2025-02-10,Monday,February,9:00 AM - MARKET OPEN,NDTV Profit,SELL,26172.0,24982.3,26691.54,1:2.29,4.55%,NEUTRAL/BULLISH,Double Bottom | Reversal Expected,25993,26923,DOWNSIDE: 58 points,FII flows remain positive | Foreign buying continues,25993 - 26923,25993.0,26923.0,23543.8,23568.6,23316.3,23381.6,BREACHED_BELOW
2025-02-11,Tuesday,February,9:00 AM - MARKET OPEN,NDTV Profit,SELL,26261.4,24954.74,26565.31,1:4.3,4.98%,MODERATELY BULLISH,RSI Overbought | Consolidation Zone,25973,26929,DOWNSIDE: 183 points,Q3 earnings season | Corporate profits robust,25973 - 26929,25973.0,26929.0,23383.55,23390.05,22986.65,23071.8,BREACHED_BELOW
2025-02-12,Wednesday,February,9:00 AM - MARKET OPEN,NDTV Profit,SELL,26654.8,25761.11,27124.55,1:1.9,3.35%,NEUTRAL/BULLISH,Higher High-Higher Low | Bull Run Continues,25910,26859,DOWNSIDE: 180 points,FII flows remain positive | Foreign buying continues,25910 - 26859,25910.0,26859.0,23050.8,23144.7,22798.35,23045.25,BREACHED_BELOW
2025-02-13,Thursday,February,9:00 AM - MARKET OPEN,NDTV Profit,SELL,26100.2,24849.93,26508.77,1:3.06,4.79%,BULLISH,Moving Average Crossover | Trend Change,25853,26814,DOWNSIDE: 136 points,"Metals weakness | Tata Steel, JSW Steel under pressure",25853 - 26814,25853.0,26814.0,23055.75,23235.5,22992.2,23031.4,BREACHED_BELOW
2025-02-14,Friday,February,9:00 AM - MARKET OPEN,NDTV Profit,SELL,26718.6,26095.05,27069.16,1:1.78,2.33%,STRONG BULLISH,Golden Cross | Resistance at 27000,25847,26856,DOWNSIDE: 185 points,FII flows remain positive | Foreign buying continues,25847 - 26856,25847.0,26856.0,23096.45,23133.7,22774.85,22929.25,BREACHED_BELOW
2025-02-17,Monday,February,9:00 AM - MARKET OPEN,NDTV Profit,SELL,26436.0,25713.04,26881.0,1:1.62,2.73%,NEUTRAL/BULLISH,Bullish Engulfing | Support at 26000,25817,26931,DOWNSIDE: 149 points,"Realty sector gaining traction | DLF, Oberoi up",25817 - 26931,25817.0,26931.0,22809.9,22974.2,22725.45,22959.5,BREACHED_BELOW
2025-02-18,Tuesday,February,9:00 AM - MARKET OPEN,NDTV Profit,BUY,26488.4,27334.48,26028.99,1:1.84,3.19%,MODERATELY BULLISH,Bearish Divergence | Profit Taking,25942,26840,UPSIDE: 53 points,"Banking stocks driving rally | HDFC Bank, ICICI Bank, Axis Bank gains",25942 - 26840,25942.0,26840.0,22963.65,22992.5,22801.5,22945.3,BREACHED_BELOW
2025-02-19,Wednesday,February,9:00 AM - MARKET OPEN,NDTV Profit,SELL,26730.8,25865.49,27187.15,1:1.9,3.24%,NEUTRAL,Breakout above 26500 | Momentum Building,25939,26861,DOWNSIDE: 50 points,"Metals weakness | Tata Steel, JSW Steel under pressure",25939 - 26861,25939.0,26861.0,22847.25,23049.95,22814.85,22932.9,BREACHED_BELOW
2025-02-20,Thursday,February,9:00 AM - MARKET OPEN,NDTV Profit,BUY,26031.2,26746.69,25709.59,1:2.22,2.75%,MODERATELY BULLISH,Bullish Engulfing | Support at 26000,25816,26868,UPSIDE: 69 points,"Banking stocks driving rally | HDFC Bank, ICICI Bank, Axis Bank gains",25816 - 26868,25816.0,26868.0,22821.1,22923.85,22812.75,22913.15,BREACHED_BELOW
2025-02-21,Friday,February,9:00 AM - MARKET OPEN,NDTV Profit,BUY,26493.6,27568.34,26134.27,1:2.99,4.06%,NEUTRAL,Double Bottom | Reversal Expected,25955,26881,UPSIDE: 120 points,DII support strong | Domestic funds accumulating,25955 - 26881,25955.0,26881.0,22857.2,22921.0,22720.3,22795.9,BREACHED_BELOW
2025-02-24,Monday,February,9:00 AM - MARKET OPEN,NDTV Profit,BUY,25934.0,26915.25,25563.77,1:2.65,3.78%,MODERATELY BULLISH,Bollinger Bands Squeeze | Volatility Expected,25855,26853,UPSIDE: 113 points,DII support strong | Domestic funds accumulating,25855 - 26853,25855.0,26853.0,22609.35,22668.05,22518.8,22553.35,BREACHED_BELOW
2025-02-25,Tuesday,February,9:00 AM - MARKET OPEN,NDTV Profit,SELL,26355.4,25208.11,26823.81,1:2.45,4.35%,STRONG BULLISH,RSI Overbought | Consolidation Zone,25880,26921,DOWNSIDE: 117 points,Energy stocks leading | Oil majors positive on crude rally,25880 - 26921,25880.0,26921.0,22516.45,22625.3,22513.9,22547.55,BREACHED_BELOW
2025-02-26,Wednesday,February,9:00 AM - MARKET OPEN,NDTV Profit,BUY,26733.8,27907.15,26388.16,1:3.39,4.39%,NEUTRAL/BULLISH,Support Breach | Watch 25800,25862,26920,UPSIDE: 125 points,"Metals weakness | Tata Steel, JSW Steel under pressure",25862 - 26920,25862.0,26920.0,,,,,NO_DATA
2025-02-27,Thursday,February,9:00 AM - MARKET OPEN,NDTV Profit,BUY,26433.2,27425.96,26055.43,1:2.63,3.76%,NEUTRAL/BULLISH,Breakout above 26500 | Momentum Building,25925,26835,UPSIDE: 144 points,"Auto sector rally on festival demand | Maruti, Bajaj strong",25925 - 26835,25925.0,26835.0,22568.95,22613.3,22508.4,22545.05,BREACHED_BELOW
2025-02-28,Friday,February,9:00 AM - MARKET OPEN,NDTV Profit,SELL,26541.6,25927.12,26978.63,1:1.41,2.32%,NEUTRAL/BEARISH,Breakout above 26500 | Momentum Building,25890,26858,DOWNSIDE: 191 points,"Infrastructure boom | Larsen & Toubro, L&T Infotech gains",25890 - 26858,25890.0,26858.0,22433.4,22450.35,22104.85,22124.7,BREACHED_BELOW
2025-03-03,Monday,March,9:00 AM - MARKET OPEN,NDTV Profit,BUY,26761.0,27394.25,26363.06,1:1.59,2.37%,NEUTRAL/BULLISH,Breakout above 26500 | Momentum Building,25881,26859,UPSIDE: 163 points,Cement stocks stable | UltraTech holding ground,25881 - 26859,25881.0,26859.0,22194.55,22261.55,22004.7,22119.3,BREACHED_BELOW
2025-03-04,Tuesday,March,9:00 AM - MARKET OPEN,NDTV Profit,SELL,25958.4,24855.58,26401.26,1:2.49,4.25%,STRONG BULLISH,Breakout above 26500 | Momentum Building,25834,26827,DOWNSIDE: 98 points,"Auto sector rally on festival demand | Maruti, Bajaj strong",25834 - 26827,25834.0,26827.0,21974.45,22105.05,21964.6,22082.65,BREACHED_BELOW
2025-03-05,Wednesday,March,9:00 AM - MARKET OPEN,NDTV Profit,SELL,26443.8,25502.52,26819.76,1:2.5,3.56%,MODERATELY BULLISH,Head & Shoulders | Downside Risk,25959,26949,DOWNSIDE: 102 points,"IT sector weakness capping gains | TCS, Infosys selling pressure",25959 - 26949,25959.0,26949.0,22073.05,22394.9,22067.8,22337.3,BREACHED_BELOW
2025-03-06,Thursday,March,9:00 AM - MARKET OPEN,NDTV Profit,BUY,26276.2,27045.65,25913.02,1:2.12,2.93%,MODERATELY BULLISH,RSI Overbought | Consolidation Zone,25813,26809,UPSIDE: 97 points,DII support strong | Domestic funds accumulating,25813 - 26809,25813.0,26809.0,22476.35,22556.45,22245.85,22544.7,BREACHED_BELOW
2025-03-07,Friday,March,9:00 AM - MARKET OPEN,NDTV Profit,SELL,26892.6,25639.23,27308.24,1:3.02,4.66%,BULLISH,Triangle Breakout | Directional Move,25825,26959,DOWNSIDE: 82 points,"FMCG holding support | ITC, HUL steady amid volatility",25825 - 26959,25825.0,26959.0,22508.65,22633.8,22464.75,22552.5,BREACHED_BELOW
2025-03-10,Monday,March,9:00 AM - MARKET OPEN,NDTV Profit,BUY,26445.0,27365.16,25958.78,1:1.89,3.48%,BULLISH,Bearish Divergence | Profit Taking,25816,26951,UPSIDE: 120 points,Energy stocks leading | Oil majors positive on crude rally,25816 - 26951,25816.0,26951.0,22521.85,22676.75,22429.05,22460.3,BREACHED_BELOW
2025-03-11,Tuesday,March,9:00 AM - MARKET OPEN,NDTV Profit,BUY,26473.4,27154.26,26142.51,1:2.06,2.57%,MODERATELY BULLISH,RSI Overbought | Consolidation Zone,25979,26912,UPSIDE: 165 points,Q3 earnings season | Corporate profits robust,25979 - 26912,25979.0,26912.0,22345.95,22522.1,22314.7,22497.9,BREACHED_BELOW
2025-03-12,Wednesday,March,9:00 AM - MARKET OPEN,NDTV Profit,SELL,26372.8,25732.06,26837.05,1:1.38,2.43%,NEUTRAL/BEARISH,Golden Cross | Resistance at 27000,25992,26813,DOWNSIDE: 67 points,"Pharma rotation | Dr Reddy, Sun Pharma outperformers",25992 - 26813,25992.0,26813.0,22536.35,22577.4,22329.55,22470.5,BREACHED_BELOW
2025-03-13,Thursday,March,9:00 AM - MARKET OPEN,NDTV Profit,BUY,26065.2,26999.99,25566.12,1:1.87,3.59%,MODERATELY BULLISH,Higher High-Higher Low | Bull Run Continues,25899,26804,UPSIDE: 147 points,"Pharma rotation | Dr Reddy, Sun Pharma outperformers",25899 - 26804,25899.0,26804.0,22541.5,22558.05,22377.35,22397.2,BREACHED_BELOW
2025-03-14,Friday,March,9:00 AM - MARKET OPEN,NDTV Profit,SELL,26390.6,25430.21,26909.09,1:1.85,3.64%,BULLISH,Breakout above 26500 | Momentum Building,25958,26998,DOWNSIDE: 75 points,Energy stocks leading | Oil majors positive on crude rally,25958 - 26998,25958.0,26998.0,,,,,NO_DATA
2025-03-17,Monday,March,9:00 AM - MARKET OPEN,NDTV Profit,BUY,26144.0,27112.75,25771.35,1:2.6,3.71%,NEUTRAL/BULLISH,RSI Overbought | Consolidation Zone,25872,26817,UPSIDE: 154 points,Q3 earnings season | Corporate profits robust,25872 - 26817,25872.0,26817.0,22353.15,22577.0,22353.15,22508.75,BREACHED_BELOW
2025-03-18,Tuesday,March,9:00 AM - MARKET OPEN,NDTV Profit,SELL,26916.4,25927.82,27186.64,1:3.66,3.67%,MODERATELY BULLISH,RSI Overbought | Consolidation Zone,25816,26838,DOWNSIDE: 124 points,DII support strong | Domestic funds accumulating,25816 - 26838,25816.0,26838.0,22662.25,22857.8,22599.2,22834.3,BREACHED_BELOW
2025-03-19,Wednesday,March,9:00 AM - MARKET OPEN,NDTV Profit,BUY,26965.8,28094.25,26659.74,1:3.69,4.18%,NEUTRAL/BULLISH,Triangle Breakout | Directional Move,25817,26909,UPSIDE: 149 points,"Pharma rotation | Dr Reddy, Sun Pharma outperformers",25817 - 26909,25817.0,26909.0,22874.95,22940.7,22807.95,22907.6,BREACHED_BELOW
2025-03-20,Thursday,March,9:00 AM - MARKET OPEN,NDTV Profit,BUY,26356.2,27496.82,25913.5,1:2.58,4.33%,STRONG BULLISH,Breakout above 26500 | Momentum Building,25930,26871,UPSIDE: 118 points,"Chemical sector focus | Atul, Bayer gains on exports",25930 - 26871,25930.0,26871.0,23036.6,23216.7,22973.95,23190.65,BREACHED_BELOW
2025-03-21,Friday,March,9:00 AM - MARKET OPEN,NDTV Profit,SELL,26057.6,25230.1,26509.52,1:1.83,3.18%,MODERATELY BULLISH,Support Breach | Watch 25800,25821,26814,DOWNSIDE: 173 points,FII flows remain positive | Foreign buying continues,25821 - 26814,25821.0,26814.0,23168.25,23402.7,23132.8,23350.4,BREACHED_BELOW
2025-03-24,Monday,March,9:00 AM - MARKET OPEN,NDTV Profit,BUY,26791.0,27447.0,26376.67,1:1.58,2.45%,BULLISH,RSI Overbought | Consolidation Zone,25904,26895,UPSIDE: 131 points,"Auto sector rally on festival demand | Maruti, Bajaj strong",25904 - 26895,25904.0,26895.0,23515.4,23708.75,23433.5,23658.35,BREACHED_BELOW
2025-03-25,Tuesday,March,9:00 AM - MARKET OPEN,NDTV Profit,SELL,26207.4,25560.84,26717.85,1:1.27,2.47%,BULLISH,Bollinger Bands Squeeze | Volatility Expected,25871,26944,DOWNSIDE: 155 points,"Auto sector rally on festival demand | Maruti, Bajaj strong",25871 - 26944,25871.0,26944.0,23751.5,23869.6,23601.4,23668.65,BREACHED_BELOW
2025-03-26,Wednesday,March,9:00 AM - MARKET OPEN,NDTV Profit,SELL,26145.8,25373.16,26599.33,1:1.7,2.96%,STRONG BULLISH,Support Breach | Watch 25800,25802,26901,DOWNSIDE: 100 points,"Metals weakness | Tata Steel, JSW Steel under pressure",25802 - 26901,25802.0,26901.0,23700.95,23736.5,23451.7,23486.85,BREACHED_BELOW
2025-03-27,Thursday,March,9:00 AM - MARKET OPEN,NDTV Profit,SELL,26631.2,25947.86,26965.64,1:2.04,2.57%,NEUTRAL,Triangle Breakout | Directional Move,25956,26969,DOWNSIDE: 89 points,Cement stocks stable | UltraTech holding ground,25956 - 26969,25956.0,26969.0,23433.95,23646.45,23412.2,23591.95,BREACHED_BELOW
2025-03-28,Friday,March,9:00 AM - MARKET OPEN,NDTV Profit,BUY,26482.6,27398.77,25991.43,1:1.87,3.46%,NEUTRAL/BULLISH,Triangle Breakout | Directional Move,25972,26828,UPSIDE: 188 points,Energy stocks leading | Oil majors positive on crude rally,25972 - 26828,25972.0,26828.0,23600.4,23649.2,23450.2,23519.35,BREACHED_BELOW
2025-04-01,Tuesday,April,9:00 AM - MARKET OPEN,NDTV Profit,SELL,26761.0,25794.76,27147.25,1:2.5,3.61%,STRONG BULLISH,Triangle Breakout | Directional Move,25838,26982,DOWNSIDE: 85 points,Q3 earnings season | Corporate profits robust,25838 - 26982,25838.0,26982.0,23341.1,23565.15,23136.4,23165.7,BREACHED_BELOW
2025-04-02,Wednesday,April,9:00 AM - MARKET OPEN,NDTV Profit,BUY,26992.4,28238.73,26457.01,1:2.33,4.62%,NEUTRAL,Bearish Divergence | Profit Taking,25986,26884,UPSIDE: 196 points,DII support strong | Domestic funds accumulating,25986 - 26884,25986.0,26884.0,23192.6,23350.0,23158.45,23332.35,BREACHED_BELOW
2025-04-03,Thursday,April,9:00 AM - MARKET OPEN,NDTV Profit,BUY,26274.8,26800.68,25876.37,1:1.32,2.0%,NEUTRAL/BEARISH,Support Breach | Watch 25800,25992,26907,UPSIDE: 115 points,"IT sector weakness capping gains | TCS, Infosys selling pressure",25992 - 26907,25992.0,26907.0,23150.3,23306.5,23145.8,23250.1,BREACHED_BELOW
2025-04-04,Friday,April,9:00 AM - MARKET OPEN,NDTV Profit,SELL,26102.2,25237.16,26507.0,1:2.14,3.31%,STRONG BULLISH,Support Breach | Watch 25800,25802,26864,DOWNSIDE: 152 points,"FMCG holding support | ITC, HUL steady amid volatility",25802 - 26864,25802.0,26864.0,23190.4,23214.7,22857.45,22904.45,BREACHED_BELOW
2025-04-07,Monday,April,9:00 AM - MARKET OPEN,NDTV Profit,SELL,26536.6,25702.35,26845.52,1:2.7,3.14%,NEUTRAL,Bollinger Bands Squeeze | Volatility Expected,25979,26956,DOWNSIDE: 195 points,FII flows remain positive | Foreign buying continues,25979 - 26956,25979.0,26956.0,21758.4,22254.0,21743.65,22161.6,BREACHED_BELOW
2025-04-08,Tuesday,April,9:00 AM - MARKET OPEN,NDTV Profit,BUY,26573.0,27755.29,26252.83,1:3.69,4.45%,NEUTRAL,RSI Overbought | Consolidation Zone,26000,26859,UPSIDE: 87 points,Q3 earnings season | Corporate profits robust,26000 - 26859,26000.0,26859.0,22446.75,22697.2,22270.85,22535.85,BREACHED_BELOW
2025-04-09,Wednesday,April,9:00 AM - MARKET OPEN,NDTV Profit,BUY,26626.4,27309.44,26179.47,1:1.53,2.57%,MODERATELY BULLISH,Double Bottom | Reversal Expected,25992,26942,UPSIDE: 198 points,"Realty sector gaining traction | DLF, Oberoi up",25992 - 26942,25992.0,26942.0,22460.3,22468.7,22353.25,22399.15,BREACHED_BELOW
2025-04-10,Thursday,April,9:00 AM - MARKET OPEN,NDTV Profit,BUY,26401.8,26966.81,25923.92,1:1.18,2.14%,NEUTRAL/BULLISH,Breakout above 26500 | Momentum Building,25976,26891,UPSIDE: 151 points,DII support strong | Domestic funds accumulating,25976 - 26891,25976.0,26891.0,,,,,NO_DATA
2025-04-14,Monday,April,9:00 AM - MARKET OPEN,NDTV Profit,BUY,26481.2,27626.14,26205.16,1:4.15,4.32%,MODERATELY BULLISH,RSI Overbought | Consolidation Zone,25921,26812,UPSIDE: 132 points,"Auto sector rally on festival demand | Maruti, Bajaj strong",25921 - 26812,25921.0,26812.0,,,,,NO_DATA
2025-04-15,Tuesday,April,9:00 AM - MARKET OPEN,NDTV Profit,BUY,26571.6,27385.63,26185.24,1:2.11,3.06%,STRONG BULLISH,RSI Overbought | Consolidation Zone,25810,26968,UPSIDE: 101 points,"Infrastructure boom | Larsen & Toubro, L&T Infotech gains",25810 - 26968,25810.0,26968.0,23368.35,23368.35,23207.0,23328.55,BREACHED_BELOW
2025-04-16,Wednesday,April,9:00 AM - MARKET OPEN,NDTV Profit,BUY,26341.0,26984.55,25831.1,1:1.26,2.44%,NEUTRAL/BEARISH,RSI Overbought | Consolidation Zone,25864,26973,UPSIDE: 111 points,Q3 earnings season | Corporate profits robust,25864 - 26973,25864.0,26973.0,23344.1,23452.2,23273.05,23437.2,BREACHED_BELOW
2025-04-18,Friday,April,9:00 AM - MARKET OPEN,NDTV Profit,SELL,26505.4,25859.22,26840.06,1:1.93,2.44%,STRONG BULLISH,Higher High-Higher Low | Bull Run Continues,25818,26874,DOWNSIDE: 152 points,Energy stocks leading | Oil majors positive on crude rally,25818 - 26874,25818.0,26874.0,,,,,NO_DATA
2025-04-22,Tuesday,April,9:00 AM - MARKET OPEN,NDTV Profit,BUY,26742.8,27946.52,26373.79,1:3.26,4.5%,NEUTRAL,Bullish Engulfing | Support at 26000,25917,26819,UPSIDE: 191 points,"Pharma rotation | Dr Reddy, Sun Pharma outperformers",25917 - 26819,25917.0,26819.0,24185.4,24242.6,24072.0,24167.25,BREACHED_BELOW
2025-04-23,Wednesday,April,9:00 AM - MARKET OPEN,NDTV Profit,BUY,26179.2,26775.07,25816.41,1:1.64,2.28%,STRONG BULLISH,Triangle Breakout | Directional Move,25815,26862,UPSIDE: 191 points,"Infrastructure boom | Larsen & Toubro, L&T Infotech gains",25815 - 26862,25815.0,26862.0,24357.6,24359.3,24119.95,24328.95,BREACHED_BELOW
2025-04-24,Thursday,April,9:00 AM - MARKET OPEN,NDTV Profit,SELL,26758.6,26004.01,27067.3,1:2.44,2.82%,STRONG BULLISH,Higher High-Higher Low | Bull Run Continues,25979,26898,DOWNSIDE: 116 points,"Chemical sector focus | Atul, Bayer gains on exports",25979 - 26898,25979.0,26898.0,24277.9,24347.85,24216.15,24246.7,BREACHED_BELOW
2025-04-25,Friday,April,9:00 AM - MARKET OPEN,NDTV Profit,BUY,26266.0,27450.54,25746.42,1:2.28,4.51%,NEUTRAL/BULLISH,Breakout above 26500 | Momentum Building,25811,26882,UPSIDE: 172 points,"Pharma rotation | Dr Reddy, Sun Pharma outperformers",25811 - 26882,25811.0,26882.0,24289.0,24365.45,23847.85,24039.35,BREACHED_BELOW
2025-04-28,Monday,April,9:00 AM - MARKET OPEN,NDTV Profit,BUY,26431.4,27551.76,26087.11,1:3.25,4.24%,NEUTRAL/BULLISH,Golden Cross | Resistance at 27000,25891,26919,UPSIDE: 98 points,"Infrastructure boom | Larsen & Toubro, L&T Infotech gains",25891 - 26919,25891.0,26919.0,24070.25,24355.1,24054.05,24328.5,BREACHED_BELOW
2025-04-29,Tuesday,April,9:00 AM - MARKET OPEN,NDTV Profit,BUY,27054.8,28343.87,26770.42,1:4.53,4.76%,NEUTRAL/BULLISH,Higher High-Higher Low | Bull Run Continues,25886,26900,UPSIDE: 167 points,"Metals weakness | Tata Steel, JSW Steel under pressure",25886 - 26900,25886.0,26900.0,24370.7,24457.65,24290.75,24335.95,BREACHED_BELOW
2025-04-30,Wednesday,April,9:00 AM - MARKET OPEN,NDTV Profit,BUY,26895.2,28229.23,26515.09,1:3.51,4.96%,BULLISH,Triangle Breakout | Directional Move,25807,26846,UPSIDE: 65 points,"Infrastructure boom | Larsen & Toubro, L&T Infotech gains",25807 - 26846,25807.0,26846.0,24342.05,24396.15,24198.75,24334.2,BREACHED_BELOW
2025-05-01,Thursday,May,9:00 AM - MARKET OPEN,NDTV Profit,SELL,26407.6,25310.47,26714.5,1:3.57,4.15%,NEUTRAL,RSI Overbought | Consolidation Zone,25968,26862,DOWNSIDE: 68 points,Q3 earnings season | Corporate profits robust,25968 - 26862,25968.0,26862.0,,,,,NO_DATA
2025-05-02,Friday,May,9:00 AM - MARKET OPEN,NDTV Profit,BUY,26866.0,27424.93,26537.98,1:1.7,2.08%,NEUTRAL/BULLISH,Bullish Engulfing | Support at 26000,25821,26985,UPSIDE: 133 points,"FMCG holding support | ITC, HUL steady amid volatility",25821 - 26985,25821.0,26985.0,24311.9,24589.15,24238.5,24346.7,BREACHED_BELOW
2025-05-05,Monday,May,9:00 AM - MARKET OPEN,NDTV Profit,SELL,26492.4,25341.46,26998.85,1:2.27,4.34%,STRONG BULLISH,Higher High-Higher Low | Bull Run Continues,25939,26967,DOWNSIDE: 94 points,"Realty sector gaining traction | DLF, Oberoi up",25939 - 26967,25939.0,26967.0,24419.5,24526.4,24400.65,24461.15,BREACHED_BELOW
2025-05-06,Tuesday,May,9:00 AM - MARKET OPEN,NDTV Profit,SELL,27148.8,26505.74,27590.81,1:1.45,2.37%,NEUTRAL/BULLISH,Golden Cross | Resistance at 27000,25803,26979,DOWNSIDE: 177 points,Telecom strength | Bharti Airtel gains on tariff hikes,25803 - 26979,25803.0,26979.0,24500.75,24509.65,24331.8,24379.6,BREACHED_BELOW
2025-05-07,Wednesday,May,9:00 AM - MARKET OPEN,NDTV Profit,BUY,26929.2,28191.2,26494.69,1:2.9,4.69%,MODERATELY BULLISH,Head & Shoulders | Downside Risk,25940,26872,UPSIDE: 155 points,"Pharma rotation | Dr Reddy, Sun Pharma outperformers",25940 - 26872,25940.0,26872.0,24233.3,24449.6,24220.0,24414.4,BREACHED_BELOW
2025-05-08,Thursday,May,9:00 AM - MARKET OPEN,NDTV Profit,SELL,26921.6,26185.47,27384.49,1:1.59,2.73%,NEUTRAL/BULLISH,Breakout above 26500 | Momentum Building,25820,26967,DOWNSIDE: 190 points,"Banking stocks driving rally | HDFC Bank, ICICI Bank, Axis Bank gains",25820 - 26967,25820.0,26967.0,24431.5,24447.25,24150.2,24273.8,BREACHED_BELOW
2025-05-09,Friday,May,9:00 AM - MARKET OPEN,NDTV Profit,SELL,27053.0,25703.31,27372.12,1:4.23,4.99%,NEUTRAL/BULLISH,Head & Shoulders | Downside Risk,25852,27000,DOWNSIDE: 78 points,"Infrastructure boom | Larsen & Toubro, L&T Infotech gains",25852 - 27000,25852.0,27000.0,23935.75,24164.25,23935.75,24008.0,BREACHED_BELOW
2025-05-12,Monday,May,9:00 AM - MARKET OPEN,NDTV Profit,SELL,26436.4,25623.36,26766.41,1:2.46,3.08%,NEUTRAL,Bearish Divergence | Profit Taking,25808,26893,DOWNSIDE: 176 points,"Chemical sector focus | Atul, Bayer gains on exports",25808 - 26893,25808.0,26893.0,24420.1,24944.8,24378.85,24924.7,BREACHED_BELOW
2025-05-13,Tuesday,May,9:00 AM - MARKET OPEN,NDTV Profit,BUY,27036.8,28247.13,26723.69,1:3.87,4.48%,STRONG BULLISH,Bullish Engulfing | Support at 26000,25908,26968,UPSIDE: 165 points,DII support strong | Domestic funds accumulating,25908 - 26968,25908.0,26968.0,24864.05,24973.8,24547.5,24578.35,BREACHED_BELOW
2025-05-14,Wednesday,May,9:00 AM - MARKET OPEN,NDTV Profit,BUY,26911.2,28086.45,26441.54,1:2.5,4.37%,NEUTRAL,Bullish Engulfing | Support at 26000,25816,26937,UPSIDE: 191 points,DII support strong | Domestic funds accumulating,25816 - 26937,25816.0,26937.0,24613.8,24767.55,24535.55,24666.9,BREACHED_BELOW
2025-05-15,Thursday,May,9:00 AM - MARKET OPEN,NDTV Profit,SELL,27185.6,26315.53,27695.87,1:1.71,3.2%,STRONG BULLISH,Bearish Divergence | Profit Taking,25880,26818,DOWNSIDE: 121 points,"Infrastructure boom | Larsen & Toubro, L&T Infotech gains",25880 - 26818,25880.0,26818.0,24694.45,25116.25,24494.45,25062.1,BREACHED_BELOW
2025-05-16,Friday,May,9:00 AM - MARKET OPEN,NDTV Profit,SELL,26578.0,25907.98,27043.6,1:1.44,2.52%,BULLISH,Bearish Divergence | Profit Taking,25872,26941,DOWNSIDE: 91 points,Cement stocks stable | UltraTech holding ground,25872 - 26941,25872.0,26941.0,25064.65,25070.0,24953.05,25019.8,BREACHED_BELOW
2025-05-19,Monday,May,9:00 AM - MARKET OPEN,NDTV Profit,BUY,27025.4,27966.01,26549.37,1:1.98,3.48%,STRONG BULLISH,Support Breach | Watch 25800,25938,26831,UPSIDE: 115 points,Energy stocks leading | Oil majors positive on crude rally,25938 - 26831,25938.0,26831.0,25005.35,25062.95,24916.65,24945.45,BREACHED_BELOW
2025-05-20,Tuesday,May,9:00 AM - MARKET OPEN,NDTV Profit,BUY,26320.8,27424.66,25905.18,1:2.66,4.19%,STRONG BULLISH,RSI Overbought | Consolidation Zone,25956,26873,UPSIDE: 56 points,Energy stocks leading | Oil majors positive on crude rally,25956 - 26873,25956.0,26873.0,24996.2,25010.35,24669.7,24683.9,BREACHED_BELOW
2025-05-21,Wednesday,May,9:00 AM - MARKET OPEN,NDTV Profit,SELL,26829.2,25819.81,27332.5,1:2.01,3.76%,BULLISH,Bollinger Bands Squeeze | Volatility Expected,25844,26841,DOWNSIDE: 97 points,"Infrastructure boom | Larsen & Toubro, L&T Infotech gains",25844 - 26841,25844.0,26841.0,24744.25,24946.2,24685.35,24813.45,BREACHED_BELOW
2025-05-22,Thursday,May,9:00 AM - MARKET OPEN,NDTV Profit,BUY,27037.6,27722.06,26621.22,1:1.64,2.53%,BULLISH,Bullish Engulfing | Support at 26000,25964,26814,UPSIDE: 88 points,"Infrastructure boom | Larsen & Toubro, L&T Infotech gains",25964 - 26814,25964.0,26814.0,24733.95,24737.5,24462.4,24609.7,BREACHED_BELOW
2025-05-26,Monday,May,9:00 AM - MARKET OPEN,NDTV Profit,BUY,26533.0,27091.39,26110.57,1:1.32,2.1%,BULLISH,Triangle Breakout | Directional Move,25960,26825,UPSIDE: 188 points,"Realty sector gaining traction | DLF, Oberoi up",25960 - 26825,25960.0,26825.0,24919.35,25079.2,24900.5,25001.15,BREACHED_BELOW
2025-05-27,Tuesday,May,9:00 AM - MARKET OPEN,NDTV Profit,SELL,26566.4,25776.99,26914.47,1:2.27,2.97%,BULLISH,Golden Cross | Resistance at 27000,25846,26947,DOWNSIDE: 119 points,Energy stocks leading | Oil majors positive on crude rally,25846 - 26947,25846.0,26947.0,24956.65,25062.9,24704.1,24826.2,BREACHED_BELOW
2025-05-28,Wednesday,May,9:00 AM - MARKET OPEN,NDTV Profit,BUY,26410.8,27710.24,26132.73,1:4.67,4.92%,MODERATELY BULLISH,Moving Average Crossover | Trend Change,25850,26843,UPSIDE: 188 points,"Realty sector gaining traction | DLF, Oberoi up",25850 - 26843,25850.0,26843.0,24832.5,24864.25,24737.05,24752.45,BREACHED_BELOW
2025-05-29,Thursday,May,9:00 AM - MARKET OPEN,NDTV Profit,BUY,27127.2,27746.03,26825.28,1:2.05,2.28%,STRONG BULLISH,Moving Average Crossover | Trend Change,25816,26848,UPSIDE: 145 points,Telecom strength | Bharti Airtel gains on tariff hikes,25816 - 26848,25816.0,26848.0,24825.1,24892.6,24677.3,24833.6,BREACHED_BELOW
2025-05-30,Friday,May,9:00 AM - MARKET OPEN,NDTV Profit,SELL,27174.6,26128.5,27708.69,1:1.96,3.85%,NEUTRAL,Golden Cross | Resistance at 27000,25925,26988,DOWNSIDE: 178 points,"Banking stocks driving rally | HDFC Bank, ICICI Bank, Axis Bank gains",25925 - 26988,25925.0,26988.0,24812.6,24863.95,24717.4,24750.7,BREACHED_BELOW
2025-06-02,Monday,June,9:00 AM - MARKET OPEN,NDTV Profit,SELL,26931.0,26098.96,27310.13,1:2.19,3.09%,NEUTRAL/BULLISH,Breakout above 26500 | Momentum Building,25872,26956,DOWNSIDE: 186 points,Cement stocks stable | UltraTech holding ground,25872 - 26956,25872.0,26956.0,24669.7,24754.4,24526.15,24716.6,BREACHED_BELOW
2025-06-03,Tuesday,June,9:00 AM - MARKET OPEN,NDTV Profit,BUY,26846.4,28015.22,26414.48,1:2.71,4.35%,STRONG BULLISH,Head & Shoulders | Downside Risk,25822,26888,UPSIDE: 197 points,Telecom strength | Bharti Airtel gains on tariff hikes,25822 - 26888,25822.0,26888.0,24786.3,24845.1,24502.15,24542.5,BREACHED_BELOW
2025-06-04,Wednesday,June,9:00 AM - MARKET OPEN,NDTV Profit,SELL,26593.8,25288.01,27002.94,1:3.19,4.91%,STRONG BULLISH,Head & Shoulders | Downside Risk,25988,26857,DOWNSIDE: 164 points,FII flows remain positive | Foreign buying continues,25988 - 26857,25988.0,26857.0,24560.45,24644.25,24530.45,24620.2,BREACHED_BELOW
2025-06-05,Thursday,June,9:00 AM - MARKET OPEN,NDTV Profit,SELL,27048.2,26203.58,27473.54,1:1.99,3.12%,STRONG BULLISH,Double Bottom | Reversal Expected,25913,26890,DOWNSIDE: 81 points,"FMCG holding support | ITC, HUL steady amid volatility",25913 - 26890,25913.0,26890.0,24691.2,24899.85,24613.1,24750.9,BREACHED_BELOW
2025-06-06,Friday,June,9:00 AM - MARKET OPEN,NDTV Profit,BUY,26770.6,27600.06,26475.42,1:2.81,3.1%,MODERATELY BULLISH,Breakout above 26500 | Momentum Building,25849,26971,UPSIDE: 65 points,"Banking stocks driving rally | HDFC Bank, ICICI Bank, Axis Bank gains",25849 - 26971,25849.0,26971.0,24748.7,25029.5,24671.45,25003.05,BREACHED_BELOW
2025-06-09,Monday,June,9:00 AM - MARKET OPEN,NDTV Profit,SELL,27312.0,26393.53,27787.58,1:1.93,3.36%,BULLISH,Golden Cross | Resistance at 27000,25888,26987,DOWNSIDE: 181 points,FII flows remain positive | Foreign buying continues,25888 - 26987,25888.0,26987.0,25160.1,25160.1,25077.15,25103.2,BREACHED_BELOW
2025-06-10,Tuesday,June,9:00 AM - MARKET OPEN,NDTV Profit,BUY,27142.4,27793.02,26749.39,1:1.66,2.4%,NEUTRAL/BULLISH,Bollinger Bands Squeeze | Volatility Expected,25817,26916,UPSIDE: 76 points,"Pharma rotation | Dr Reddy, Sun Pharma outperformers",25817 - 26916,25817.0,26916.0,25196.05,25199.3,25055.45,25104.25,BREACHED_BELOW
2025-06-11,Wednesday,June,9:00 AM - MARKET OPEN,NDTV Profit,SELL,26902.8,25896.45,27178.28,1:3.65,3.74%,BULLISH,Breakout above 26500 | Momentum Building,25894,26841,DOWNSIDE: 159 points,FII flows remain positive | Foreign buying continues,25894 - 26841,25894.0,26841.0,25134.15,25222.4,25081.3,25141.4,BREACHED_BELOW
2025-06-12,Thursday,June,9:00 AM - MARKET OPEN,NDTV Profit,BUY,26572.2,27106.36,26285.52,1:1.86,2.01%,BULLISH,Bollinger Bands Squeeze | Volatility Expected,25912,26806,UPSIDE: 61 points,"Pharma rotation | Dr Reddy, Sun Pharma outperformers",25912 - 26806,25912.0,26806.0,25164.45,25196.2,24825.9,24888.2,BREACHED_BELOW
2025-06-13,Friday,June,9:00 AM - MARKET OPEN,NDTV Profit,SELL,26366.6,25311.2,26853.8,1:2.17,4.0%,NEUTRAL/BULLISH,Golden Cross | Resistance at 27000,25916,26978,DOWNSIDE: 135 points,"IT sector weakness capping gains | TCS, Infosys selling pressure",25916 - 26978,25916.0,26978.0,24473.0,24754.35,24473.0,24718.6,BREACHED_BELOW
2025-06-16,Monday,June,9:00 AM - MARKET OPEN,NDTV Profit,SELL,26726.0,26178.17,27014.13,1:1.9,2.05%,BULLISH,Breakout above 26500 | Momentum Building,25907,26918,DOWNSIDE: 129 points,"Auto sector rally on festival demand | Maruti, Bajaj strong",25907 - 26918,25907.0,26918.0,24732.35,24967.1,24703.6,24946.5,BREACHED_BELOW
2025-06-17,Tuesday,June,9:00 AM - MARKET OPEN,NDTV Profit,SELL,26494.4,25175.71,26883.54,1:3.39,4.98%,STRONG BULLISH,Higher High-Higher Low | Bull Run Continues,25968,26854,DOWNSIDE: 125 points,"FMCG holding support | ITC, HUL steady amid volatility",25968 - 26854,25968.0,26854.0,24977.85,24982.05,24813.7,24853.4,BREACHED_BELOW
2025-06-18,Wednesday,June,9:00 AM - MARKET OPEN,NDTV Profit,SELL,26560.8,25320.36,27080.6,1:2.39,4.67%,NEUTRAL,Support Breach | Watch 25800,25840,26809,DOWNSIDE: 113 points,"Banking stocks driving rally | HDFC Bank, ICICI Bank, Axis Bank gains",25840 - 26809,25840.0,26809.0,24788.35,24947.55,24750.45,24812.05,BREACHED_BELOW
2025-06-19,Thursday,June,9:00 AM - MARKET OPEN,NDTV Profit,BUY,26632.2,27740.9,26176.73,1:2.43,4.16%,BULLISH,Head & Shoulders | Downside Risk,25823,26905,UPSIDE: 172 points,"Banking stocks driving rally | HDFC Bank, ICICI Bank, Axis Bank gains",25823 - 26905,25823.0,26905.0,24803.25,24863.1,24733.4,24793.25,BREACHED_BELOW
2025-06-20,Friday,June,9:00 AM - MARKET OPEN,NDTV Profit,SELL,26982.6,25759.95,27429.14,1:2.74,4.53%,NEUTRAL/BULLISH,Bearish Divergence | Profit Taking,25923,26971,DOWNSIDE: 62 points,"Metals weakness | Tata Steel, JSW Steel under pressure",25923 - 26971,25923.0,26971.0,24787.65,25136.2,24783.65,25112.4,BREACHED_BELOW
2025-06-23,Monday,June,9:00 AM - MARKET OPEN,NDTV Profit,BUY,26780.0,28089.7,26246.77,1:2.46,4.89%,MODERATELY BULLISH,Double Bottom | Reversal Expected,25972,26952,UPSIDE: 83 points,"Metals weakness | Tata Steel, JSW Steel under pressure",25972 - 26952,25972.0,26952.0,24939.75,25057.0,24824.85,24971.9,BREACHED_BELOW
2025-06-24,Tuesday,June,9:00 AM - MARKET OPEN,NDTV Profit,SELL,26434.4,25706.79,26920.12,1:1.5,2.75%,NEUTRAL/BEARISH,Bullish Engulfing | Support at 26000,25873,27000,DOWNSIDE: 122 points,DII support strong | Domestic funds accumulating,25873 - 27000,25873.0,27000.0,25179.9,25317.7,24999.7,25044.35,BREACHED_BELOW
2025-06-25,Wednesday,June,9:00 AM - MARKET OPEN,NDTV Profit,BUY,26558.8,27524.43,26285.52,1:3.53,3.64%,NEUTRAL/BULLISH,Bullish Engulfing | Support at 26000,25809,26924,UPSIDE: 115 points,Energy stocks leading | Oil majors positive on crude rally,25809 - 26924,25809.0,26924.0,25150.35,25266.8,25125.05,25244.75,BREACHED_BELOW
2025-06-26,Thursday,June,9:00 AM - MARKET OPEN,NDTV Profit,SELL,26666.2,25422.47,27193.76,1:2.36,4.66%,NEUTRAL/BULLISH,Support Breach | Watch 25800,25902,26841,DOWNSIDE: 132 points,"Realty sector gaining traction | DLF, Oberoi up",25902 - 26841,25902.0,26841.0,25268.95,25565.3,25259.9,25549.0,BREACHED_BELOW
2025-06-27,Friday,June,9:00 AM - MARKET OPEN,NDTV Profit,BUY,26459.6,27252.63,26052.26,1:1.95,3.0%,MODERATELY BULLISH,Support Breach | Watch 25800,25815,26895,UPSIDE: 109 points,Cement stocks stable | UltraTech holding ground,25815 - 26895,25815.0,26895.0,25576.65,25654.2,25523.55,25637.8,BREACHED_BELOW
2025-07-01,Tuesday,July,9:00 AM - MARKET OPEN,NDTV Profit,BUY,27071.0,28195.51,26719.24,1:3.2,4.15%,BULLISH,Support Breach | Watch 25800,25958,26860,UPSIDE: 191 points,"Metals weakness | Tata Steel, JSW Steel under pressure",25958 - 26860,25958.0,26860.0,25551.35,25593.4,25501.8,25541.8,BREACHED_BELOW
2025-07-02,Wednesday,July,9:00 AM - MARKET OPEN,NDTV Profit,SELL,27169.4,26043.41,27712.24,1:2.07,4.14%,NEUTRAL/BULLISH,Triangle Breakout | Directional Move,25996,26812,DOWNSIDE: 53 points,"FMCG holding support | ITC, HUL steady amid volatility",25996 - 26812,25996.0,26812.0,25588.3,25608.1,25378.75,25453.4,BREACHED_BELOW
2025-07-03,Thursday,July,9:00 AM - MARKET OPEN,NDTV Profit,BUY,26760.8,27820.98,26460.1,1:3.53,3.96%,STRONG BULLISH,Bearish Divergence | Profit Taking,25805,26952,UPSIDE: 78 points,FII flows remain positive | Foreign buying continues,25805 - 26952,25805.0,26952.0,25505.1,25587.5,25384.35,25405.3,BREACHED_BELOW
2025-07-04,Friday,July,9:00 AM - MARKET OPEN,NDTV Profit,BUY,27242.2,28267.61,26786.61,1:2.25,3.76%,NEUTRAL,Double Bottom | Reversal Expected,25815,26849,UPSIDE: 171 points,DII support strong | Domestic funds accumulating,25815 - 26849,25815.0,26849.0,25428.85,25470.25,25331.65,25461.0,BREACHED_BELOW
2025-07-07,Monday,July,9:00 AM - MARKET OPEN,NDTV Profit,BUY,26710.6,27899.68,26180.01,1:2.24,4.45%,STRONG BULLISH,RSI Overbought | Consolidation Zone,25911,26897,UPSIDE: 52 points,"Chemical sector focus | Atul, Bayer gains on exports",25911 - 26897,25911.0,26897.0,25450.45,25489.8,25407.25,25461.3,BREACHED_BELOW
2025-07-08,Tuesday,July,9:00 AM - MARKET OPEN,NDTV Profit,SELL,27170.0,26323.84,27672.23,1:1.68,3.11%,BULLISH,Bollinger Bands Squeeze | Volatility Expected,25838,26808,DOWNSIDE: 166 points,"Auto sector rally on festival demand | Maruti, Bajaj strong",25838 - 26808,25838.0,26808.0,25427.85,25548.05,25424.15,25522.5,BREACHED_BELOW
2025-07-09,Wednesday,July,9:00 AM - MARKET OPEN,NDTV Profit,SELL,26883.4,25660.97,27167.65,1:4.3,4.55%,NEUTRAL,Bearish Divergence | Profit Taking,25820,26872,DOWNSIDE: 161 points,DII support strong | Domestic funds accumulating,25820 - 26872,25820.0,26872.0,25514.6,25548.7,25424.35,25476.1,BREACHED_BELOW
2025-07-10,Thursday,July,9:00 AM - MARKET OPEN,NDTV Profit,BUY,26740.8,27896.88,26254.8,1:2.38,4.32%,NEUTRAL/BULLISH,Triangle Breakout | Directional Move,25927,26802,UPSIDE: 119 points,"Infrastructure boom | Larsen & Toubro, L&T Infotech gains",25927 - 26802,25927.0,26802.0,25511.65,25524.05,25340.45,25355.25,BREACHED_BELOW
2025-07-11,Friday,July,9:00 AM - MARKET OPEN,NDTV Profit,SELL,27113.2,25876.36,27605.43,1:2.51,4.56%,MODERATELY BULLISH,Triangle Breakout | Directional Move,25906,26981,DOWNSIDE: 182 points,"Auto sector rally on festival demand | Maruti, Bajaj strong",25906 - 26981,25906.0,26981.0,25255.5,25322.45,25129.0,25149.85,BREACHED_BELOW
2025-07-14,Monday,July,9:00 AM - MARKET OPEN,NDTV Profit,BUY,26914.6,27954.95,26428.79,1:2.14,3.87%,BULLISH,Bearish Divergence | Profit Taking,25907,26996,UPSIDE: 94 points,"Chemical sector focus | Atul, Bayer gains on exports",25907 - 26996,25907.0,26996.0,25149.5,25151.1,25001.95,25082.3,BREACHED_BELOW
2025-07-15,Tuesday,July,9:00 AM - MARKET OPEN,NDTV Profit,SELL,27117.0,26266.72,27420.2,1:2.8,3.14%,BULLISH,Golden Cross | Resistance at 27000,25818,26943,DOWNSIDE: 156 points,Q3 earnings season | Corporate profits robust,25818 - 26943,25818.0,26943.0,25089.5,25245.2,25088.45,25195.8,BREACHED_BELOW
2025-07-16,Wednesday,July,9:00 AM - MARKET OPEN,NDTV Profit,BUY,27200.4,28557.79,26890.25,1:4.38,4.99%,BULLISH,Higher High-Higher Low | Bull Run Continues,25959,26857,UPSIDE: 119 points,"Auto sector rally on festival demand | Maruti, Bajaj strong",25959 - 26857,25959.0,26857.0,25196.6,25255.3,25121.05,25212.05,BREACHED_BELOW
2025-07-17,Thursday,July,9:00 AM - MARKET OPEN,NDTV Profit,SELL,26929.8,26058.22,27435.88,1:1.72,3.24%,STRONG BULLISH,Higher High-Higher Low | Bull Run Continues,25869,26932,DOWNSIDE: 64 points,"FMCG holding support | ITC, HUL steady amid volatility",25869 - 26932,25869.0,26932.0,25230.75,25238.35,25101.0,25111.45,BREACHED_BELOW
2025-07-18,Friday,July,9:00 AM - MARKET OPEN,NDTV Profit,SELL,27257.2,26663.2,27700.63,1:1.34,2.18%,NEUTRAL/BEARISH,Bullish Engulfing | Support at 26000,25878,26804,DOWNSIDE: 162 points,"Realty sector gaining traction | DLF, Oberoi up",25878 - 26804,25878.0,26804.0,25108.55,25144.6,24918.65,24968.4,BREACHED_BELOW
2025-07-21,Monday,July,9:00 AM - MARKET OPEN,NDTV Profit,BUY,26853.6,27433.86,26332.86,1:1.11,2.16%,BULLISH,Higher High-Higher Low | Bull Run Continues,25941,26863,UPSIDE: 76 points,Cement stocks stable | UltraTech holding ground,25941 - 26863,25941.0,26863.0,24999.0,25111.4,24882.3,25090.7,BREACHED_BELOW
2025-07-22,Tuesday,July,9:00 AM - MARKET OPEN,NDTV Profit,SELL,26809.0,25725.56,27095.32,1:3.78,4.04%,STRONG BULLISH,Triangle Breakout | Directional Move,25833,26997,DOWNSIDE: 63 points,DII support strong | Domestic funds accumulating,25833 - 26997,25833.0,26997.0,25166.65,25182.0,25035.55,25060.9,BREACHED_BELOW
2025-07-23,Wednesday,July,9:00 AM - MARKET OPEN,NDTV Profit,BUY,27292.4,28130.37,26998.65,1:2.85,3.07%,MODERATELY BULLISH,Support Breach | Watch 25800,25807,26861,UPSIDE: 97 points,DII support strong | Domestic funds accumulating,25807 - 26861,25807.0,26861.0,25139.35,25233.5,25085.5,25219.9,BREACHED_BELOW
2025-07-24,Thursday,July,9:00 AM - MARKET OPEN,NDTV Profit,SELL,27040.8,25695.85,27461.66,1:3.2,4.97%,NEUTRAL/BULLISH,Bearish Divergence | Profit Taking,25921,26949,DOWNSIDE: 142 points,Energy stocks leading | Oil majors positive on crude rally,25921 - 26949,25921.0,26949.0,25243.3,25246.25,25018.7,25062.1,BREACHED_BELOW
2025-07-25,Friday,July,9:00 AM - MARKET OPEN,NDTV Profit,SELL,27472.2,26343.91,27778.19,1:3.69,4.11%,MODERATELY BULLISH,Double Bottom | Reversal Expected,25886,26901,DOWNSIDE: 90 points,Q3 earnings season | Corporate profits robust,25886 - 26901,25886.0,26901.0,25010.35,25010.35,24806.35,24837.0,BREACHED_BELOW
2025-07-28,Monday,July,9:00 AM - MARKET OPEN,NDTV Profit,SELL,27092.6,26428.98,27379.32,1:2.31,2.45%,MODERATELY BULLISH,Support Breach | Watch 25800,25884,26846,DOWNSIDE: 139 points,"FMCG holding support | ITC, HUL steady amid volatility",25884 - 26846,25884.0,26846.0,24782.45,24889.2,24646.6,24680.9,BREACHED_BELOW
2025-07-29,Tuesday,July,9:00 AM - MARKET OPEN,NDTV Profit,SELL,26656.0,26004.58,27142.75,1:1.34,2.44%,NEUTRAL,Breakout above 26500 | Momentum Building,25987,26887,DOWNSIDE: 56 points,"Banking stocks driving rally | HDFC Bank, ICICI Bank, Axis Bank gains",25987 - 26887,25987.0,26887.0,24609.65,24847.15,24598.6,24821.1,BREACHED_BELOW
2025-07-30,Wednesday,July,9:00 AM - MARKET OPEN,NDTV Profit,BUY,26944.4,27614.99,26516.62,1:1.57,2.49%,NEUTRAL/BULLISH,Double Bottom | Reversal Expected,25930,26951,UPSIDE: 138 points,"Chemical sector focus | Atul, Bayer gains on exports",25930 - 26951,25930.0,26951.0,24890.4,24902.3,24771.95,24855.05,BREACHED_BELOW
2025-07-31,Thursday,July,9:00 AM - MARKET OPEN,NDTV Profit,SELL,27373.8,26476.7,27908.49,1:1.68,3.28%,STRONG BULLISH,Moving Average Crossover | Trend Change,25827,26985,DOWNSIDE: 97 points,Telecom strength | Bharti Airtel gains on tariff hikes,25827 - 26985,25827.0,26985.0,24642.25,24956.5,24635.0,24768.35,BREACHED_BELOW
2025-08-01,Friday,August,9:00 AM - MARKET OPEN,NDTV Profit,BUY,26841.2,27513.2,26567.85,1:2.46,2.5%,STRONG BULLISH,Support Breach | Watch 25800,25872,26985,UPSIDE: 95 points,"Metals weakness | Tata Steel, JSW Steel under pressure",25872 - 26985,25872.0,26985.0,24734.9,24784.15,24535.05,24565.35,BREACHED_BELOW
2025-08-04,Monday,August,9:00 AM - MARKET OPEN,NDTV Profit,SELL,27527.6,26393.86,27814.06,1:3.96,4.12%,NEUTRAL,Support Breach | Watch 25800,25854,26935,DOWNSIDE: 164 points,"Auto sector rally on festival demand | Maruti, Bajaj strong",25854 - 26935,25854.0,26935.0,24596.05,24736.25,24554.0,24722.75,BREACHED_BELOW
2025-08-05,Tuesday,August,9:00 AM - MARKET OPEN,NDTV Profit,BUY,27157.0,27795.44,26758.23,1:1.6,2.35%,NEUTRAL/BULLISH,RSI Overbought | Consolidation Zone,25904,26854,UPSIDE: 85 points,DII support strong | Domestic funds accumulating,25904 - 26854,25904.0,26854.0,24720.25,24733.1,24590.3,24649.55,BREACHED_BELOW
2025-08-06,Wednesday,August,9:00 AM - MARKET OPEN,NDTV Profit,BUY,26798.4,27710.16,26360.23,1:2.08,3.4%,STRONG BULLISH,Bollinger Bands Squeeze | Volatility Expected,25954,26924,UPSIDE: 162 points,"Infrastructure boom | Larsen & Toubro, L&T Infotech gains",25954 - 26924,25954.0,26924.0,24641.35,24671.4,24539.2,24574.2,BREACHED_BELOW
2025-08-07,Thursday,August,9:00 AM - MARKET OPEN,NDTV Profit,SELL,27485.8,26337.24,27807.64,1:3.57,4.18%,STRONG BULLISH,Breakout above 26500 | Momentum Building,25881,26998,DOWNSIDE: 96 points,"Realty sector gaining traction | DLF, Oberoi up",25881 - 26998,25881.0,26998.0,24464.2,24634.2,24344.15,24596.15,BREACHED_BELOW
2025-08-08,Friday,August,9:00 AM - MARKET OPEN,NDTV Profit,BUY,27276.2,28555.09,26926.17,1:3.65,4.69%,STRONG BULLISH,Golden Cross | Resistance at 27000,25958,26876,UPSIDE: 94 points,"Chemical sector focus | Atul, Bayer gains on exports",25958 - 26876,25958.0,26876.0,24544.25,24585.5,24337.5,24363.3,BREACHED_BELOW
2025-08-11,Monday,August,9:00 AM - MARKET OPEN,NDTV Profit,SELL,27340.6,26219.76,27658.7,1:3.52,4.1%,STRONG BULLISH,Head & Shoulders | Downside Risk,25978,26862,DOWNSIDE: 147 points,Energy stocks leading | Oil majors positive on crude rally,25978 - 26862,25978.0,26862.0,24371.5,24600.85,24347.45,24585.05,BREACHED_BELOW
2025-08-12,Tuesday,August,9:00 AM - MARKET OPEN,NDTV Profit,BUY,27587.0,28394.26,27256.55,1:2.44,2.93%,STRONG BULLISH,Moving Average Crossover | Trend Change,25846,26891,UPSIDE: 180 points,"IT sector weakness capping gains | TCS, Infosys selling pressure",25846 - 26891,25846.0,26891.0,24563.35,24702.6,24465.65,24487.4,BREACHED_BELOW
2025-08-13,Wednesday,August,9:00 AM - MARKET OPEN,NDTV Profit,SELL,27148.4,25954.42,27623.18,1:2.51,4.4%,NEUTRAL/BULLISH,Double Bottom | Reversal Expected,25932,26910,DOWNSIDE: 94 points,"Pharma rotation | Dr Reddy, Sun Pharma outperformers",25932 - 26910,25932.0,26910.0,24586.2,24664.55,24535.25,24619.35,BREACHED_BELOW
2025-08-14,Thursday,August,9:00 AM - MARKET OPEN,NDTV Profit,BUY,27528.8,28724.58,27157.34,1:3.22,4.34%,MODERATELY BULLISH,Double Bottom | Reversal Expected,25846,26863,UPSIDE: 123 points,Cement stocks stable | UltraTech holding ground,25846 - 26863,25846.0,26863.0,24607.25,24673.65,24596.9,24631.3,BREACHED_BELOW
2025-08-18,Monday,August,9:00 AM - MARKET OPEN,NDTV Profit,SELL,26737.2,25503.86,27028.16,1:4.24,4.61%,STRONG BULLISH,Bollinger Bands Squeeze | Volatility Expected,25851,26818,DOWNSIDE: 137 points,"Banking stocks driving rally | HDFC Bank, ICICI Bank, Axis Bank gains",25851 - 26818,25851.0,26818.0,24938.2,25022.0,24852.85,24876.95,BREACHED_BELOW
2025-08-19,Tuesday,August,9:00 AM - MARKET OPEN,NDTV Profit,BUY,27436.6,28388.22,27024.28,1:2.31,3.47%,NEUTRAL/BULLISH,Bearish Divergence | Profit Taking,25976,26862,UPSIDE: 63 points,Telecom strength | Bharti Airtel gains on tariff hikes,25976 - 26862,25976.0,26862.0,24891.35,25012.65,24873.95,24980.65,BREACHED_BELOW
2025-08-20,Wednesday,August,9:00 AM - MARKET OPEN,NDTV Profit,BUY,27195.0,28294.96,26787.9,1:2.7,4.04%,STRONG BULLISH,Double Bottom | Reversal Expected,25842,26920,UPSIDE: 183 points,"FMCG holding support | ITC, HUL steady amid volatility",25842 - 26920,25842.0,26920.0,24965.8,25088.7,24929.7,25050.55,BREACHED_BELOW
2025-08-21,Thursday,August,9:00 AM - MARKET OPEN,NDTV Profit,BUY,27197.4,27922.84,26755.58,1:1.64,2.67%,MODERATELY BULLISH,Higher High-Higher Low | Bull Run Continues,25967,26924,UPSIDE: 192 points,"Infrastructure boom | Larsen & Toubro, L&T Infotech gains",25967 - 26924,25967.0,26924.0,25142.0,25153.65,25054.9,25083.75,BREACHED_BELOW
2025-08-22,Friday,August,9:00 AM - MARKET OPEN,NDTV Profit,BUY,27359.8,28086.08,26831.28,1:1.37,2.65%,NEUTRAL/BEARISH,Head & Shoulders | Downside Risk,25819,26917,UPSIDE: 112 points,"Realty sector gaining traction | DLF, Oberoi up",25819 - 26917,25819.0,26917.0,25064.15,25084.85,24859.15,24870.1,BREACHED_BELOW
2025-08-25,Monday,August,9:00 AM - MARKET OPEN,NDTV Profit,SELL,27388.2,26778.48,27683.61,1:2.06,2.23%,NEUTRAL,Golden Cross | Resistance at 27000,25920,26934,DOWNSIDE: 91 points,"Metals weakness | Tata Steel, JSW Steel under pressure",25920 - 26934,25920.0,26934.0,24949.15,25021.55,24894.35,24967.75,BREACHED_BELOW
2025-08-26,Tuesday,August,9:00 AM - MARKET OPEN,NDTV Profit,BUY,27327.6,27972.39,26874.17,1:1.42,2.36%,NEUTRAL/BEARISH,Higher High-Higher Low | Bull Run Continues,25924,26910,UPSIDE: 164 points,"Realty sector gaining traction | DLF, Oberoi up",25924 - 26910,25924.0,26910.0,24899.5,24919.65,24689.6,24712.05,BREACHED_BELOW
2025-08-28,Thursday,August,9:00 AM - MARKET OPEN,NDTV Profit,SELL,27245.0,26259.26,27677.23,1:2.28,3.62%,NEUTRAL,Head & Shoulders | Downside Risk,25990,26893,DOWNSIDE: 170 points,FII flows remain positive | Foreign buying continues,25990 - 26893,25990.0,26893.0,24695.8,24702.65,24481.6,24500.9,BREACHED_BELOW
2025-08-29,Friday,August,9:00 AM - MARKET OPEN,NDTV Profit,SELL,27660.4,26707.58,28008.34,1:2.74,3.44%,NEUTRAL,Higher High-Higher Low | Bull Run Continues,25878,26891,DOWNSIDE: 190 points,DII support strong | Domestic funds accumulating,25878 - 26891,25878.0,26891.0,24466.7,24572.45,24404.7,24426.85,BREACHED_BELOW
2025-09-01,Monday,September,9:00 AM - MARKET OPEN,NDTV Profit,SELL,27281.8,26285.89,27568.57,1:3.47,3.65%,BULLISH,Breakout above 26500 | Momentum Building,25945,26816,DOWNSIDE: 59 points,Cement stocks stable | UltraTech holding ground,25945 - 26816,25945.0,26816.0,24432.7,24635.6,24432.7,24625.05,BREACHED_BELOW
2025-09-02,Tuesday,September,9:00 AM - MARKET OPEN,NDTV Profit,SELL,27473.2,26781.09,27852.25,1:1.83,2.52%,BULLISH,RSI Overbought | Consolidation Zone,25943,26878,DOWNSIDE: 108 points,"FMCG holding support | ITC, HUL steady amid volatility",25943 - 26878,25943.0,26878.0,24653.0,24756.1,24522.35,24579.6,BREACHED_BELOW
2025-09-03,Wednesday,September,9:00 AM - MARKET OPEN,NDTV Profit,BUY,26901.6,27772.16,26443.36,1:1.9,3.24%,NEUTRAL,Support Breach | Watch 25800,25926,26928,UPSIDE: 196 points,Energy stocks leading | Oil majors positive on crude rally,25926 - 26928,25926.0,26928.0,24616.5,24737.05,24533.2,24715.05,BREACHED_BELOW
2025-09-04,Thursday,September,9:00 AM - MARKET OPEN,NDTV Profit,SELL,27161.0,26550.61,27461.28,1:2.03,2.25%,MODERATELY BULLISH,Bearish Divergence | Profit Taking,25867,26914,DOWNSIDE: 186 points,Q3 earnings season | Corporate profits robust,25867 - 26914,25867.0,26914.0,24980.75,24980.75,24708.2,24734.3,BREACHED_BELOW
2025-09-05,Friday,September,9:00 AM - MARKET OPEN,NDTV Profit,BUY,27221.4,28494.3,26792.49,1:2.97,4.68%,STRONG BULLISH,Moving Average Crossover | Trend Change,25835,26882,UPSIDE: 67 points,"Pharma rotation | Dr Reddy, Sun Pharma outperformers",25835 - 26882,25835.0,26882.0,24818.85,24832.35,24621.6,24741.0,BREACHED_BELOW
2025-09-08,Monday,September,9:00 AM - MARKET OPEN,NDTV Profit,BUY,27228.8,28153.23,26788.64,1:2.1,3.4%,MODERATELY BULLISH,Bullish Engulfing | Support at 26000,25986,26829,UPSIDE: 97 points,"Realty sector gaining traction | DLF, Oberoi up",25986 - 26829,25986.0,26829.0,24802.6,24885.5,24751.55,24773.15,BREACHED_BELOW
2025-09-09,Tuesday,September,9:00 AM - MARKET OPEN,NDTV Profit,BUY,27603.2,28504.89,27132.67,1:1.92,3.27%,NEUTRAL,Higher High-Higher Low | Bull Run Continues,25976,26881,UPSIDE: 64 points,"Metals weakness | Tata Steel, JSW Steel under pressure",25976 - 26881,25976.0,26881.0,24864.1,24891.8,24814.0,24868.6,BREACHED_BELOW
2025-09-10,Wednesday,September,9:00 AM - MARKET OPEN,NDTV Profit,BUY,27043.6,28091.54,26741.34,1:3.47,3.88%,STRONG BULLISH,Moving Average Crossover | Trend Change,25971,26932,UPSIDE: 68 points,"FMCG holding support | ITC, HUL steady amid volatility",25971 - 26932,25971.0,26932.0,24991.0,25035.7,24915.05,24973.1,BREACHED_BELOW
2025-09-11,Thursday,September,9:00 AM - MARKET OPEN,NDTV Profit,BUY,26888.0,27799.66,26412.48,1:1.92,3.39%,STRONG BULLISH,Golden Cross | Resistance at 27000,25883,26900,UPSIDE: 74 points,Energy stocks leading | Oil majors positive on crude rally,25883 - 26900,25883.0,26900.0,24945.5,25037.3,24940.15,25005.5,BREACHED_BELOW
2025-09-12,Friday,September,9:00 AM - MARKET OPEN,NDTV Profit,BUY,26924.4,27978.7,26620.87,1:3.47,3.92%,NEUTRAL/BULLISH,Golden Cross | Resistance at 27000,25962,26898,UPSIDE: 54 points,"Auto sector rally on festival demand | Maruti, Bajaj strong",25962 - 26898,25962.0,26898.0,25074.45,25139.45,25038.05,25114.0,BREACHED_BELOW
2025-09-15,Monday,September,9:00 AM - MARKET OPEN,NDTV Profit,SELL,27553.8,26920.84,27923.46,1:1.71,2.3%,NEUTRAL,Moving Average Crossover | Trend Change,25940,26899,DOWNSIDE: 150 points,"Banking stocks driving rally | HDFC Bank, ICICI Bank, Axis Bank gains",25940 - 26899,25940.0,26899.0,25118.9,25138.45,25048.75,25069.2,BREACHED_BELOW
2025-09-17,Wednesday,September,9:00 AM - MARKET OPEN,NDTV Profit,SELL,27713.2,27114.82,28259.26,1:1.1,2.16%,NEUTRAL/BULLISH,Moving Average Crossover | Trend Change,25834,26948,DOWNSIDE: 106 points,Cement stocks stable | UltraTech holding ground,25834 - 26948,25834.0,26948.0,25276.6,25346.5,25275.35,25330.25,BREACHED_BELOW
2025-09-18,Thursday,September,9:00 AM - MARKET OPEN,NDTV Profit,SELL,27354.6,26265.93,27664.35,1:3.51,3.98%,BULLISH,Triangle Breakout | Directional Move,25812,26821,DOWNSIDE: 62 points,"Chemical sector focus | Atul, Bayer gains on exports",25812 - 26821,25812.0,26821.0,25441.05,25448.55,25329.75,25423.6,BREACHED_BELOW
2025-09-19,Friday,September,9:00 AM - MARKET OPEN,NDTV Profit,SELL,26804.0,25757.06,27256.49,1:2.31,3.91%,STRONG BULLISH,Triangle Breakout | Directional Move,25858,26957,DOWNSIDE: 116 points,DII support strong | Domestic funds accumulating,25858 - 26957,25858.0,26957.0,25410.2,25431.4,25286.3,25327.05,BREACHED_BELOW
2025-09-22,Monday,September,9:00 AM - MARKET OPEN,NDTV Profit,SELL,27155.4,26433.28,27474.44,1:2.26,2.66%,NEUTRAL/BULLISH,Moving Average Crossover | Trend Change,25833,26845,DOWNSIDE: 138 points,"Auto sector rally on festival demand | Maruti, Bajaj strong",25833 - 26845,25833.0,26845.0,25238.1,25331.7,25151.05,25202.35,BREACHED_BELOW
2025-09-23,Tuesday,September,9:00 AM - MARKET OPEN,NDTV Profit,SELL,27428.8,26272.52,27892.49,1:2.49,4.22%,BULLISH,Bollinger Bands Squeeze | Volatility Expected,25916,26944,DOWNSIDE: 151 points,"Metals weakness | Tata Steel, JSW Steel under pressure",25916 - 26944,25916.0,26944.0,25209.0,25261.9,25084.65,25169.5,BREACHED_BELOW
2025-09-24,Wednesday,September,9:00 AM - MARKET OPEN,NDTV Profit,BUY,27445.2,28634.89,26924.78,1:2.29,4.33%,NEUTRAL,Triangle Breakout | Directional Move,25896,26889,UPSIDE: 132 points,"Infrastructure boom | Larsen & Toubro, L&T Infotech gains",25896 - 26889,25896.0,26889.0,25108.75,25149.85,25027.45,25056.9,BREACHED_BELOW
2025-09-25,Thursday,September,9:00 AM - MARKET OPEN,NDTV Profit,SELL,27274.6,25923.08,27587.39,1:4.32,4.96%,NEUTRAL/BULLISH,Breakout above 26500 | Momentum Building,25984,26838,DOWNSIDE: 116 points,Telecom strength | Bharti Airtel gains on tariff hikes,25984 - 26838,25984.0,26838.0,25034.5,25092.7,24878.3,24890.85,BREACHED_BELOW
2025-09-26,Friday,September,9:00 AM - MARKET OPEN,NDTV Profit,BUY,26971.0,27553.67,26556.25,1:1.4,2.16%,NEUTRAL,RSI Overbought | Consolidation Zone,25870,26987,UPSIDE: 61 points,"IT sector weakness capping gains | TCS, Infosys selling pressure",25870 - 26987,25870.0,26987.0,24818.55,24868.6,24629.45,24654.7,BREACHED_BELOW
2025-09-29,Monday,September,9:00 AM - MARKET OPEN,NDTV Profit,SELL,27190.4,26051.1,27478.92,1:3.95,4.19%,MODERATELY BULLISH,Breakout above 26500 | Momentum Building,25836,26889,DOWNSIDE: 88 points,Cement stocks stable | UltraTech holding ground,25836 - 26889,25836.0,26889.0,24728.55,24791.3,24606.2,24634.9,BREACHED_BELOW
2025-09-30,Tuesday,September,9:00 AM - MARKET OPEN,NDTV Profit,BUY,27717.8,28403.51,27365.93,1:1.95,2.47%,NEUTRAL/BULLISH,Support Breach | Watch 25800,25837,26953,UPSIDE: 187 points,"Realty sector gaining traction | DLF, Oberoi up",25837 - 26953,25837.0,26953.0,24691.95,24731.8,24587.7,24611.1,BREACHED_BELOW
2025-10-01,Wednesday,October,9:00 AM - MARKET OPEN,NDTV Profit,BUY,27126.2,27703.15,26693.55,1:1.33,2.13%,NEUTRAL/BEARISH,Support Breach | Watch 25800,25828,26907,UPSIDE: 152 points,"Realty sector gaining traction | DLF, Oberoi up",25828 - 26907,25828.0,26907.0,24620.55,24867.95,24605.95,24836.3,BREACHED_BELOW
2025-10-03,Friday,October,9:00 AM - MARKET OPEN,NDTV Profit,SELL,26922.6,25971.6,27354.63,1:2.2,3.53%,BULLISH,Head & Shoulders | Downside Risk,25925,26910,DOWNSIDE: 168 points,Cement stocks stable | UltraTech holding ground,25925 - 26910,25925.0,26910.0,24759.55,24904.8,24747.55,24894.25,BREACHED_BELOW
2025-10-06,Monday,October,9:00 AM - MARKET OPEN,NDTV Profit,BUY,26969.0,27861.39,26537.85,1:2.07,3.31%,BULLISH,Higher High-Higher Low | Bull Run Continues,25864,26895,UPSIDE: 146 points,"Pharma rotation | Dr Reddy, Sun Pharma outperformers",25864 - 26895,25864.0,26895.0,24916.55,25095.95,24881.65,25077.65,BREACHED_BELOW
2025-10-07,Tuesday,October,9:00 AM - MARKET OPEN,NDTV Profit,BUY,27160.4,27772.41,26769.04,1:1.56,2.25%,NEUTRAL,Support Breach | Watch 25800,25834,26842,UPSIDE: 69 points,Q3 earnings season | Corporate profits robust,25834 - 26842,25834.0,26842.0,25085.3,25220.9,25076.3,25108.3,BREACHED_BELOW
2025-10-08,Wednesday,October,9:00 AM - MARKET OPEN,NDTV Profit,BUY,27405.8,28087.5,26901.99,1:1.35,2.49%,NEUTRAL/BEARISH,Head & Shoulders | Downside Risk,25966,26874,UPSIDE: 144 points,"Infrastructure boom | Larsen & Toubro, L&T Infotech gains",25966 - 26874,25966.0,26874.0,25079.75,25192.5,25008.5,25046.15,BREACHED_BELOW
2025-10-09,Thursday,October,9:00 AM - MARKET OPEN,NDTV Profit,BUY,26892.2,28027.25,26499.86,1:2.89,4.22%,BULLISH,Higher High-Higher Low | Bull Run Continues,25807,26978,UPSIDE: 64 points,"Metals weakness | Tata Steel, JSW Steel under pressure",25807 - 26978,25807.0,26978.0,25074.3,25199.25,25024.3,25181.8,BREACHED_BELOW
2025-10-10,Friday,October,9:00 AM - MARKET OPEN,NDTV Profit,SELL,27297.6,26651.98,27703.33,1:1.59,2.37%,MODERATELY BULLISH,Bullish Engulfing | Support at 26000,25808,26826,DOWNSIDE: 114 points,"IT sector weakness capping gains | TCS, Infosys selling pressure",25808 - 26826,25808.0,26826.0,25167.65,25330.75,25156.85,25285.35,BREACHED_BELOW
2025-10-13,Monday,October,9:00 AM - MARKET OPEN,NDTV Profit,BUY,27078.0,27816.03,26641.04,1:1.69,2.73%,STRONG BULLISH,Double Bottom | Reversal Expected,25876,26894,UPSIDE: 54 points,"FMCG holding support | ITC, HUL steady amid volatility",25876 - 26894,25876.0,26894.0,25177.3,25267.3,25152.3,25227.35,BREACHED_BELOW
2025-10-14,Tuesday,October,9:00 AM - MARKET OPEN,NDTV Profit,SELL,27144.4,26571.73,27531.08,1:1.48,2.11%,NEUTRAL,Breakout above 26500 | Momentum Building,25808,26989,DOWNSIDE: 62 points,Q3 earnings season | Corporate profits robust,25808 - 26989,25808.0,26989.0,25277.55,25310.35,25060.55,25145.5,BREACHED_BELOW
2025-10-15,Wednesday,October,9:00 AM - MARKET OPEN,NDTV Profit,BUY,26983.8,28188.55,26508.87,1:2.54,4.46%,STRONG BULLISH,Bearish Divergence | Profit Taking,25805,26974,UPSIDE: 87 points,"Infrastructure boom | Larsen & Toubro, L&T Infotech gains",25805 - 26974,25805.0,26974.0,25181.95,25365.15,25159.35,25323.55,BREACHED_BELOW
2025-10-16,Thursday,October,9:00 AM - MARKET OPEN,NDTV Profit,BUY,27174.2,27877.76,26682.93,1:1.43,2.59%,NEUTRAL/BULLISH,Moving Average Crossover | Trend Change,25830,26885,UPSIDE: 170 points,"Metals weakness | Tata Steel, JSW Steel under pressure",25830 - 26885,25830.0,26885.0,25394.9,25625.4,25376.85,25585.3,BREACHED_BELOW
2025-10-17,Friday,October,9:00 AM - MARKET OPEN,NDTV Profit,BUY,27172.6,27923.99,26728.9,1:1.69,2.77%,STRONG BULLISH,Breakout above 26500 | Momentum Building,25924,26830,UPSIDE: 174 points,Q3 earnings season | Corporate profits robust,25924 - 26830,25924.0,26830.0,25546.85,25781.5,25508.6,25709.85,BREACHED_BELOW
2025-10-20,Monday,October,9:00 AM - MARKET OPEN,NDTV Profit,SELL,27252.0,25929.09,27654.89,1:3.28,4.85%,NEUTRAL,Bollinger Bands Squeeze | Volatility Expected,25931,26917,DOWNSIDE: 112 points,"Pharma rotation | Dr Reddy, Sun Pharma outperformers",25931 - 26917,25931.0,26917.0,25824.6,25926.2,25788.5,25843.15,BREACHED_BELOW
2025-10-21,Tuesday,October,9:00 AM - MARKET OPEN,NDTV Profit,BUY,27003.4,27745.12,26569.88,1:1.71,2.75%,MODERATELY BULLISH,Triangle Breakout | Directional Move,25800,26806,UPSIDE: 154 points,FII flows remain positive | Foreign buying continues,25800 - 26806,25800.0,26806.0,25901.2,25934.35,25825.8,25868.6,WITHIN_RANGE
2025-10-22,Wednesday,October,9:00 AM - MARKET OPEN,NDTV Profit,BUY,27162.8,27740.73,26629.2,1:1.08,2.13%,BULLISH,Golden Cross | Resistance at 27000,25997,26995,UPSIDE: 80 points,DII support strong | Domestic funds accumulating,25997 - 26995,25997.0,26995.0,,,,,NO_DATA
2025-10-23,Thursday,October,9:00 AM - MARKET OPEN,NDTV Profit,BUY,27202.2,28413.15,26723.02,1:2.53,4.45%,NEUTRAL,RSI Overbought | Consolidation Zone,25834,26906,UPSIDE: 65 points,"Metals weakness | Tata Steel, JSW Steel under pressure",25834 - 26906,25834.0,26906.0,26057.2,26104.2,25862.45,25891.4,WITHIN_RANGE
2025-10-24,Friday,October,9:00 AM - MARKET OPEN,NDTV Profit,BUY,27462.6,28099.67,26926.29,1:1.19,2.32%,BULLISH,Double Bottom | Reversal Expected,25971,26980,UPSIDE: 181 points,Energy stocks leading | Oil majors positive on crude rally,25971 - 26980,25971.0,26980.0,25935.1,25944.15,25718.2,25795.15,BREACHED_BELOW
2025-10-27,Monday,October,9:00 AM - MARKET OPEN,NDTV Profit,SELL,26975.0,26105.12,27473.41,1:1.75,3.22%,BULLISH,Higher High-Higher Low | Bull Run Continues,25943,26838,DOWNSIDE: 195 points,"FMCG holding support | ITC, HUL steady amid volatility",25943 - 26838,25943.0,26838.0,25843.2,26005.95,25827.0,25966.05,BREACHED_BELOW
2025-10-28,Tuesday,October,9:00 AM - MARKET OPEN,NDTV Profit,SELL,27843.4,27082.33,28357.94,1:1.48,2.73%,NEUTRAL,Higher High-Higher Low | Bull Run Continues,25800,26836,DOWNSIDE: 60 points,DII support strong | Domestic funds accumulating,25800 - 26836,25800.0,26836.0,25939.95,26041.7,25810.05,25936.2,WITHIN_RANGE
2025-10-29,Wednesday,October,9:00 AM - MARKET OPEN,NDTV Profit,BUY,27712.8,28891.09,27159.44,1:2.13,4.25%,BULLISH,RSI Overbought | Consolidation Zone,25832,26842,UPSIDE: 71 points,DII support strong | Domestic funds accumulating,25832 - 26842,25832.0,26842.0,25982.0,26097.85,25960.3,26053.9,WITHIN_RANGE
2025-10-30,Thursday,October,9:00 AM - MARKET OPEN,NDTV Profit,BUY,27339.2,28317.62,26830.12,1:1.92,3.58%,MODERATELY BULLISH,Head & Shoulders | Downside Risk,25961,26986,UPSIDE: 139 points,FII flows remain positive | Foreign buying continues,25961 - 26986,25961.0,26986.0,25984.4,26032.05,25845.25,25877.85,BREACHED_BELOW
2025-11-03,Monday,November,9:00 AM - MARKET OPEN,NDTV Profit,BUY,27600.6,28846.26,27229.28,1:3.35,4.51%,MODERATELY BULLISH,Bullish Engulfing | Support at 26000,25930,26887,UPSIDE: 171 points,DII support strong | Domestic funds accumulating,25930 - 26887,25930.0,26887.0,25696.85,25803.1,25645.5,25763.35,BREACHED_BELOW
2025-11-04,Tuesday,November,9:00 AM - MARKET OPEN,NDTV Profit,BUY,27611.0,28405.63,27243.01,1:2.16,2.88%,BULLISH,Support Breach | Watch 25800,25960,26927,UPSIDE: 89 points,Q3 earnings season | Corporate profits robust,25960 - 26927,25960.0,26927.0,25744.75,25787.4,25578.4,25597.65,BREACHED_BELOW
2025-11-05,Wednesday,November,9:00 AM - MARKET OPEN,NDTV Profit,BUY,27465.4,28642.1,27148.24,1:3.71,4.28%,STRONG BULLISH,Triangle Breakout | Directional Move,25924,26925,UPSIDE: 137 points,FII flows remain positive | Foreign buying continues,25924 - 26925,25924.0,26925.0,,,,,NO_DATA
2025-11-06,Thursday,November,9:00 AM - MARKET OPEN,NDTV Profit,BUY,27446.8,28660.52,27090.45,1:3.41,4.42%,NEUTRAL/BULLISH,Golden Cross | Resistance at 27000,25969,26993,UPSIDE: 76 points,"Metals weakness | Tata Steel, JSW Steel under pressure",25969 - 26993,25969.0,26993.0,25593.35,25679.15,25491.55,25509.7,BREACHED_BELOW
2025-11-07,Friday,November,9:00 AM - MARKET OPEN,NDTV Profit,BUY,27668.2,28275.68,27298.58,1:1.64,2.2%,STRONG BULLISH,Triangle Breakout | Directional Move,25854,26840,UPSIDE: 192 points,"Pharma rotation | Dr Reddy, Sun Pharma outperformers",25854 - 26840,25854.0,26840.0,25433.8,25551.25,25318.45,25492.3,BREACHED_BELOW
2025-11-10,Monday,November,9:00 AM - MARKET OPEN,NDTV Profit,BUY,27118.6,28090.59,26787.87,1:2.94,3.58%,NEUTRAL/BULLISH,Higher High-Higher Low | Bull Run Continues,25897,26877,UPSIDE: 120 points,"IT sector weakness capping gains | TCS, Infosys selling pressure",25897 - 26877,25897.0,26877.0,25503.5,25653.45,25503.5,25574.35,BREACHED_BELOW
2025-11-11,Tuesday,November,9:00 AM - MARKET OPEN,NDTV Profit,SELL,27117.0,26491.6,27412.41,1:2.12,2.31%,MODERATELY BULLISH,Bullish Engulfing | Support at 26000,25816,26888,DOWNSIDE: 153 points,Energy stocks leading | Oil majors positive on crude rally,25816 - 26888,25816.0,26888.0,25617.0,25715.8,25449.25,25694.95,BREACHED_BELOW
2025-11-12,Wednesday,November,9:00 AM - MARKET OPEN,NDTV Profit,BUY,27723.4,28956.39,27187.14,1:2.3,4.45%,MODERATELY BULLISH,Higher High-Higher Low | Bull Run Continues,25992,26937,UPSIDE: 150 points,"Auto sector rally on festival demand | Maruti, Bajaj strong",25992 - 26937,25992.0,26937.0,25834.3,25934.55,25781.15,25875.8,BREACHED_BELOW
2025-11-13,Thursday,November,9:00 AM - MARKET OPEN,NDTV Profit,SELL,27108.8,25778.25,27630.26,1:2.55,4.91%,MODERATELY BULLISH,Breakout above 26500 | Momentum Building,25819,26940,DOWNSIDE: 116 points,"Chemical sector focus | Atul, Bayer gains on exports",25819 - 26940,25819.0,26940.0,25906.1,26010.7,25808.4,25879.15,BREACHED_BELOW
2025-11-14,Friday,November,9:00 AM - MARKET OPEN,NDTV Profit,BUY,27673.2,28718.79,27328.94,1:3.04,3.78%,NEUTRAL/BULLISH,Bearish Divergence | Profit Taking,25953,26921,UPSIDE: 134 points,"Auto sector rally on festival demand | Maruti, Bajaj strong",25953 - 26921,25953.0,26921.0,25767.9,25940.2,25740.8,25910.05,BREACHED_BELOW
2025-11-17,Monday,November,9:00 AM - MARKET OPEN,NDTV Profit,BUY,27098.6,27653.3,26683.49,1:1.34,2.05%,BULLISH,Double Bottom | Reversal Expected,25961,26808,UPSIDE: 51 points,"Auto sector rally on festival demand | Maruti, Bajaj strong",25961 - 26808,25961.0,26808.0,25948.2,26024.2,25906.35,26013.45,BREACHED_BELOW
2025-11-18,Tuesday,November,9:00 AM - MARKET OPEN,NDTV Profit,BUY,27902.0,28769.06,27414.35,1:1.78,3.11%,BULLISH,Double Bottom | Reversal Expected,25937,26864,UPSIDE: 186 points,"Pharma rotation | Dr Reddy, Sun Pharma outperformers",25937 - 26864,25937.0,26864.0,26021.8,26029.85,25876.5,25910.05,BREACHED_BELOW
2025-11-19,Wednesday,November,9:00 AM - MARKET OPEN,NDTV Profit,BUY,27774.4,29145.11,27423.24,1:3.9,4.94%,NEUTRAL,Breakout above 26500 | Momentum Building,25864,26862,UPSIDE: 199 points,"Banking stocks driving rally | HDFC Bank, ICICI Bank, Axis Bank gains",25864 - 26862,25864.0,26862.0,25918.1,26074.65,25856.2,26052.65,BREACHED_BELOW
2025-11-20,Thursday,November,9:00 AM - MARKET OPEN,NDTV Profit,SELL,27235.8,26261.14,27652.93,1:2.34,3.58%,NEUTRAL,Bullish Engulfing | Support at 26000,25865,26899,DOWNSIDE: 73 points,"Metals weakness | Tata Steel, JSW Steel under pressure",25865 - 26899,25865.0,26899.0,26132.1,26246.65,26063.2,26192.15,WITHIN_RANGE
2025-11-21,Friday,November,9:00 AM - MARKET OPEN,NDTV Profit,SELL,27745.2,26781.84,28184.84,1:2.19,3.47%,NEUTRAL/BULLISH,Bearish Divergence | Profit Taking,25929,26962,DOWNSIDE: 61 points,FII flows remain positive | Foreign buying continues,25929 - 26962,25929.0,26962.0,26109.55,26179.2,26052.2,26068.15,WITHIN_RANGE
2025-11-24,Monday,November,9:00 AM - MARKET OPEN,NDTV Profit,SELL,27165.6,26479.56,27630.55,1:1.48,2.53%,NEUTRAL,Breakout above 26500 | Momentum Building,25902,26831,DOWNSIDE: 83 points,Cement stocks stable | UltraTech holding ground,25902 - 26831,25902.0,26831.0,26122.8,26142.8,25912.15,25959.5,WITHIN_RANGE
2025-11-25,Tuesday,November,9:00 AM - MARKET OPEN,NDTV Profit,BUY,27273.0,28382.9,26945.52,1:3.39,4.07%,NEUTRAL/BULLISH,Bollinger Bands Squeeze | Volatility Expected,25810,26942,UPSIDE: 73 points,"IT sector weakness capping gains | TCS, Infosys selling pressure",25810 - 26942,25810.0,26942.0,25998.5,26032.6,25857.5,25884.8,WITHIN_RANGE
2025-11-26,Wednesday,November,9:00 AM - MARKET OPEN,NDTV Profit,BUY,27871.4,28929.93,27546.97,1:3.26,3.8%,BULLISH,Moving Average Crossover | Trend Change,25814,26834,UPSIDE: 122 points,DII support strong | Domestic funds accumulating,25814 - 26834,25814.0,26834.0,25842.95,26215.15,25842.95,26205.3,WITHIN_RANGE
2025-11-27,Thursday,November,9:00 AM - MARKET OPEN,NDTV Profit,BUY,27129.8,28119.15,26826.02,1:3.26,3.65%,BULLISH,Moving Average Crossover | Trend Change,25835,26803,UPSIDE: 109 points,"IT sector weakness capping gains | TCS, Infosys selling pressure",25835 - 26803,25835.0,26803.0,26261.25,26310.45,26141.9,26215.55,WITHIN_RANGE
2025-11-28,Friday,November,9:00 AM - MARKET OPEN,NDTV Profit,BUY,27577.2,28790.53,27098.94,1:2.54,4.4%,BULLISH,Breakout above 26500 | Momentum Building,25985,26823,UPSIDE: 176 points,Q3 earnings season | Corporate profits robust,25985 - 26823,25985.0,26823.0,26237.45,26280.75,26172.4,26202.95,WITHIN_RANGE
2025-12-01,Monday,December,9:00 AM - MARKET OPEN,NDTV Profit,BUY,27694.6,28704.72,27145.1,1:1.84,3.65%,MODERATELY BULLISH,Bearish Divergence | Profit Taking,25901,26984,UPSIDE: 138 points,"Pharma rotation | Dr Reddy, Sun Pharma outperformers",25901 - 26984,25901.0,26984.0,,,,,NO_DATA
